account_id,asof_date,risk_prob_reorder_60d
02NJ8555_GREENLIFEEXPRESS,2025-11-10,0.9459459459459459
02CA5678_IHERB-HEBRONDC,2025-11-10,0.9459459459459459
02OH1668_CBYHEALTHFOOD,2025-11-10,0.9459459459459459
02CA2054_FRAZIERFARMSMARKET-OCEANSI,2025-11-10,0.9459459459459459
02PR0240_FRESHMART-AGUADILLA,2025-11-10,0.9459459459459459
02CA3417_CLARKSNUTRITIONCENTER,2025-11-10,0.9459459459459459
02PR0235_FRESHMART-PLAZOLETA169,2025-11-10,0.9459459459459459
02PR0145_FRESHMART-HATOREY,2025-11-10,0.9459459459459459
02PR0145A_FRESHMART,2025-11-10,0.9459459459459459
02MO5423_NATURESWONDERS,2025-11-10,0.9459459459459459
02MO7852_EARTHMOTHERHEALTHFOODS,2025-11-10,0.9459459459459459
02MS0211_WHOLESALENUTRITION,2025-11-10,0.9459459459459459
02CA5678_IHERB-MORENOVALLEYDC,2025-11-10,0.9459459459459459
02FL2887,2025-11-10,0.9459459459459459
02OR8118_PARKWAYHEALTHFOODS,2025-11-10,0.9459459459459459
02CA6434A_SPROUTS-CHULAVISTAEASTLAKE,2025-11-10,0.9459459459459459
02OR1579_SHOPNKART,2025-11-10,0.9459459459459459
02NC4315_THEONLYEARTH,2025-11-10,0.9459459459459459
02OK1347_AKINSNATURALFOODSROGERS19,2025-11-10,0.9459459459459459
02ND9842_SWANSONHEALTHPRODFARGO,2025-11-10,0.9459459459459459
02NJ7711_THEVITAMINSHOPPE9005,2025-11-10,0.9459459459459459
02CA7394_VITAMINADVENTURE,2025-11-10,0.9459459459459459
02CA8902_CO-OPPORTUNITY,2025-11-10,0.9459459459459459
02OH5100_HEALTHFOODSUNLIMITED,2025-11-10,0.9459459459459459
02MO0909_SUZANNESNATURALFOODS,2025-11-10,0.9459459459459459
02CA1942_FRAZIERFARMS-LAMESA,2025-11-10,0.9459459459459459
02SC9286_HERBALSOLUTIONS,2025-11-10,0.9459459459459459
02AR8200_OLDEFASHIONEDFOODSMARKET,2025-11-10,0.9459459459459459
02ID7600_WEALTHOFHEALTH,2025-11-10,0.9459459459459459
09FL50941_FULLGREENCIRCLE,2025-11-10,0.9459459459459459
02HI0190_PAPAYASNATURALFOODS,2025-11-10,0.9459459459459459
02WA7000_VITAMINLIFE-WOODINVILLE,2025-11-10,0.9459459459459459
02KY3008_FULLCIRCLEHEALTHFDSMKT,2025-11-10,0.9459459459459459
02MA0808_GOODHEALTHNATURALSFOODS,2025-11-10,0.9459459459459459
02GA0220_GOODNUTRITIONWOODSTOCK,2025-11-10,0.9459459459459459
02VA6711_GOODFOODGROCERY-STONEYPOINT,2025-11-10,0.9459459459459459
02TX9766_VITAMINSPLUS284,2025-11-10,0.9459459459459459
02NJ7711_VIRGINIADISTRIBUTIONCTR9004,2025-11-10,0.9459459459459459
02FL5224A_EARTHORIGINS13,2025-11-10,0.9459459459459459
02MI7555_HARVESTHEALTHFOODS,2025-11-10,0.9459459459459459
02FL4377_NUTRITIONWORLD,2025-11-10,0.9459459459459459
02MI6630A_HARVESTHEALTHIII,2025-11-10,0.9459459459459459
02MI4942_HARVESTHEALTH-HOLLAND,2025-11-10,0.9459459459459459
02IL9114_PASSHEALTHFOODS,2025-11-10,0.9427198947040407
02MT4668_GESUNDHEITNUTIRITONCENTER,2025-11-10,0.8342518587356054
02MT5823_GOODFOODSTOREINC,2025-11-10,0.8317608589560864
02KY0012_ROBERTSHEALTHFOOD,2025-11-10,0.8055293560042512
02FL21962_STCLOUDHEALTHFOODS,2025-11-10,0.75
02NC8600_ASNATURALHEALTH,2025-11-10,0.75
02FL9009_LIFEEXTENSIONNUTRITIONCTR,2025-11-10,0.75
02AK5433_SUNSHINEHEALTHFOODS,2025-11-10,0.75
02FL5224_EARTHORIGINS12,2025-11-10,0.75
02FL0035_LOC_d6dc6f09b3c1,2025-11-10,0.75
02FL5682_EARTHORIGINS9,2025-11-10,0.75
02MO3608_NATURESPANTRY,2025-11-10,0.75
02MI9684_ORYANAWEST,2025-11-10,0.75
02FL9500C_NUTRITIONSMART,2025-11-10,0.75
02AK1444_NATURALPANTRY2,2025-11-10,0.75
02WA0933_MARLENESMARKETDELI,2025-11-10,0.75
02WA5386_MILLCREEKNATURALFOODS,2025-11-10,0.75
02SD5985_WAYNEANDMARYSNUTRITIONAL,2025-11-10,0.75
02SC4856_GARNERSNATURALLIFE,2025-11-10,0.75
02TX5574_FRESHPLUSGROCERY2,2025-11-10,0.75
02AR1973_NATURESWONDERS,2025-11-10,0.75
02MI0191_ORYANAFOODCO-OP,2025-11-10,0.7326732673267327
02MI3144_ZERBOSHEALTHFOODS,2025-11-10,0.7326732673267327
02MI3158_NASSAUHEALTHFOODS,2025-11-10,0.7326732673267327
02TX68818_BETTERHEALTHMARKET,2025-11-10,0.7326732673267327
02MI5250_NATURESMARKET,2025-11-10,0.7326732673267327
02TX9483_ANNSHEALTHFOODCENTER,2025-11-10,0.7326732673267327
02TX6624_VITAMINPLUS230,2025-11-10,0.7326732673267327
02MI5908_NATURALFOODPATCH,2025-11-10,0.7326732673267327
02TX3311_NATURESTONIC,2025-11-10,0.7326732673267327
02TX2111_HEALTHYU,2025-11-10,0.7326732673267327
02TX1993_FAMILYNUTRITIONCENTER,2025-11-10,0.7326732673267327
02TX8612_VITAMINPLUS262,2025-11-10,0.7326732673267327
02OH4244_OLYMPIAHEALTHFOODCENTER,2025-11-10,0.7326732673267327
02ME3348_AXISNATURALFOODS,2025-11-10,0.7326732673267327
02MD6471_HEALTHYTIPS,2025-11-10,0.7326732673267327
02MD1533_DAVIDSNATURALMARKET-GAMBRILLS,2025-11-10,0.7326732673267327
02WA1349_HUCKLEBERRYSFRESHMARKET,2025-11-10,0.7326732673267327
02KY2064_MATTOONSVILLAGEPANTRY,2025-11-10,0.7326732673267327
02IN2335_NATURESCUPBOARD,2025-11-10,0.7326732673267327
02IN1984_SUNRISEHEALTHFOODS,2025-11-10,0.7326732673267327
02IN1555_SUNSPOTMARKET,2025-11-10,0.7326732673267327
02WV1024_MOTHEREARTH,2025-11-10,0.7326732673267327
02WY0862_WINDRIVERMERCANTILE,2025-11-10,0.7326732673267327
02IL8009_FOODFANTASIES,2025-11-10,0.7326732673267327
02IL2220_CHICAGOHEALTH,2025-11-10,0.7326732673267327
09TX4212_MONAHANSPHARMACY,2025-11-10,0.7326732673267327
02TX1180_RICHARDSONSHEALTHFOOD,2025-11-10,0.7326732673267327
02MI8390_ZERBOSHEALTHFOODS-COM,2025-11-10,0.7326732673267327
02NY2463A_THEMUSTARDSEED,2025-11-10,0.7326732673267327
02OR0272_ALIVEWELL,2025-11-10,0.7326732673267327
02NV9887_PURELIFE,2025-11-10,0.7326732673267327
02IL0940_JDMILLSNATURALFOODSVITA,2025-11-10,0.7326732673267327
02OH4990_SUSANSNATURALWORLD,2025-11-10,0.7326732673267327
02OH5151_DOWNTOEARTHNATURALFOOD,2025-11-10,0.7326732673267327
02OH5245_JUNGLEJIMS-CINCINNATI,2025-11-10,0.7326732673267327
02NJ7325_GREENSNATURALFOODS-OCEAN,2025-11-10,0.7326732673267327
02NJ1021_NATURALHEALTH,2025-11-10,0.7326732673267327
02NH9999_DOVERNATURALFOODS,2025-11-10,0.7326732673267327
02NE2460_REDCLOVERMARKET,2025-11-10,0.7326732673267327
02NE1300_NONAMENUTRITION,2025-11-10,0.7326732673267327
02NE0869_NATURALFOODPRODUCTS,2025-11-10,0.7326732673267327
02OK1347_AKINSNATURALFOODS-BIXBY17,2025-11-10,0.7326732673267327
02OK1347_AKINSNATURALFOODSFONTANA3,2025-11-10,0.7326732673267327
02OR7328A_DANIELSNUTRITION,2025-11-10,0.7326732673267327
02MI8744_JOJOSNATURALMARKET,2025-11-10,0.7326732673267327
02OR8482_WHITESTONEVITAMINHEALTHCE,2025-11-10,0.7326732673267327
02OR8659_HEALTHWAYNUTRITIONCENTERMED,2025-11-10,0.7326732673267327
02PA1299_ESSENTIALSFORHEALTH,2025-11-10,0.7326732673267327
02PA17770_HOLLYHILLSHEALTHFOODS,2025-11-10,0.7326732673267327
02PA7384A_SAVEMART,2025-11-10,0.7326732673267327
02MO5283_OFALLONNUTRITION,2025-11-10,0.7326732673267327
02PR0131_MARYSHEALTHFOOD,2025-11-10,0.7326732673267327
02MO2000_GOOD4-UNUTRITION,2025-11-10,0.7326732673267327
02PR0244_FRESHMART-GUAYNABO,2025-11-10,0.7326732673267327
02MO1650A_CLOVERSNATURALMARKET,2025-11-10,0.7326732673267327
02MO0990A_CLOVERSNATURALFOODS,2025-11-10,0.7326732673267327
02SC7700_GARNERSNATURALLIFEOFCOLUMB,2025-11-10,0.7326732673267327
02SD1717_WAYNEANDMARYSNUTRITION,2025-11-10,0.7326732673267327
02IL1555_MARIMANNHERBCOINC,2025-11-10,0.7326732673267327
02MI6268_HARVESTHEALTHINC,2025-11-10,0.7326732673267327
02FL3316_PLUMMARKET,2025-11-10,0.7326732673267327
02CA4778_UKIAHCO-OP,2025-11-10,0.7326732673267327
02AR5263_THETRUCKPATCH,2025-11-10,0.7326732673267327
02FL7047_DEBBIESHEALTHFOODSIII,2025-11-10,0.7326732673267327
02CA1475_NEWEARTHMARKET,2025-11-10,0.7326732673267327
02AR6415_ANNSHEALTHFOODS,2025-11-10,0.7326732673267327
02FL2726_THEHEALTHBASKET,2025-11-10,0.7326732673267327
02FL2746_EARTHORIGINS50,2025-11-10,0.7326732673267327
02CA7778_GRASSROOTSNATURALSFOODS,2025-11-10,0.7326732673267327
02CA0023_HERBSOFMEXICOINC,2025-11-10,0.7326732673267327
02CA0380_LOC_ed879d58d5fc,2025-11-10,0.7326732673267327
02FL3700_EARTHORIGINS14,2025-11-10,0.7326732673267327
02FL4848_SUNSHINEHEALTHFOODS,2025-11-10,0.7326732673267327
02GA1525_CLASSICSOLUTIONS,2025-11-10,0.7326732673267327
02CA0564_ALLSTARHEALTH,2025-11-10,0.7326732673267327
02FL5086_DISCOUNTHEALTHFOODS,2025-11-10,0.7326732673267327
02FL6825_ROLLINSOATS,2025-11-10,0.7326732673267327
02FL0489_THEHERBSHOP,2025-11-10,0.7326732673267327
02CA3173_ELLIOTSNATURALFOODS,2025-11-10,0.7326732673267327
02FL7002_DEBBIESHEALTHFOODSINC,2025-11-10,0.7326732673267327
02CA6325_EUREKANATURALFOODS,2025-11-10,0.7326732673267327
02CA5519_EUREKANATURALFOODS-MKV,2025-11-10,0.7326732673267327
02ID7238_THENUTRITIONCENTER,2025-11-10,0.7326732673267327
02CO4139_MOUNTAINMAMANATURALS,2025-11-10,0.7326732673267327
02CO7577_THENATURALFOODSTORE,2025-11-10,0.7326732673267327
02CA7175_FRAZIERFARMS,2025-11-10,0.7326732673267327
02CO1988_NATURESOASIS,2025-11-10,0.7326732673267327
02WA2883_THEFOODCO-OP,2025-11-10,0.5668875372563308
02NY1613A_GREENGROCER,2025-11-10,0.5
02CA0027_LASSENS-LOSFELIZ,2025-11-10,0.5
02ID9730_PILGRIMSNUTRITIONCENTER07,2025-11-10,0.5
02WV8910_HEALTHSMART-TEAYSVALLEY,2025-11-10,0.5
02CA8881_NEWHIGHGINSENGHERBSANDTEA,2025-11-10,0.5
02CA8973_SUNRISENATURALFOODS,2025-11-10,0.5
02FL2169_NUTRICOSTHEATHSNATURALFOODS,2025-11-10,0.5
02MO4377_HEALTHYHABITS,2025-11-10,0.5
02CA1516_ACCENTONHEALTH,2025-11-10,0.5
02FL1908_SUPERVALUENUTRITION,2025-11-10,0.5
02PR7800_EAGLELOGISTICS,2025-11-10,0.5
02MO9261_RUBYSMARKET1,2025-11-10,0.5
02VA7287_NATURALGROCER,2025-11-10,0.5
02MA7097_HEALTHYADDITIONS,2025-11-10,0.5
02FL5561_FEGERSHEALTHFOODS,2025-11-10,0.4845360824742268
02NV9027_DIXIENUTRITION-MESQUITE,2025-11-10,0.4845360824742268
02OH08000_HEALTHYALTERNATIVES,2025-11-10,0.4845360824742268
02NC2518_BUSIAPPCORPORATIONDBA1UPSUPPLEMENTS,2025-11-10,0.4845360824742268
02NV2494_STAYHEALTHY,2025-11-10,0.4845360824742268
02CA0773_THEWHOLEWHEATERY,2025-11-10,0.4845360824742268
02FL36703_NATURESFOODPATCH,2025-11-10,0.4845360824742268
02CO3273_CARLSPHARMACY,2025-11-10,0.4845360824742268
02MS6856_SUNSHINEHEALTHFOODS,2025-11-10,0.4845360824742268
02NJ3400_COLONIANATURALPHARMACY,2025-11-10,0.4845360824742268
02CA8411_PACIFICHEALTHFOODS,2025-11-10,0.4845360824742268
02UT4500_SHIRLYNSNATURALFOODS,2025-11-10,0.4845360824742268
02MA3219_NATURALSHOPAKAORGANICNATURALSHOP,2025-11-10,0.4845360824742268
02IL8870_ATTNANDRESALCANTARA,2025-11-10,0.4845360824742268
02IN4717_SUNSPOTKOKOMO,2025-11-10,0.4845360824742268
02AR2576_VITAMINSPUS240,2025-11-10,0.4642857142857143
02FL0096_RUTABAGASETC,2025-11-10,0.4642857142857143
03VEGGIE_DLPORCUREMENTANDFORWARDING,2025-11-10,0.4642857142857143
02UT1616_GOODEARTH-OREM,2025-11-10,0.4642857142857143
02WI2352_NATURALHEALTHYCONCEPTS,2025-11-10,0.4642857142857143
02FL2900B_GULFCOASTNUTRITION,2025-11-10,0.4642857142857143
02MS9402_VITAMINSPUS-HATTIESBURG,2025-11-10,0.4642857142857143
02MI9452_HEALTHSMART,2025-11-10,0.4642857142857143
02OK1347_CHAMBERLINSMARKETEASTORLANDO9,2025-11-10,0.4642857142857143
02AL3952_VIRGINIASHEALTHFOOD,2025-11-10,0.4642857142857143
02TX0766_VITAMINSPLUS200,2025-11-10,0.4642857142857143
02OR8525_SHERMSTHUNDERBIRDMARKET,2025-11-10,0.4642857142857143
02OK1347_CHAMBERLINSMARKETKISSIMMEE15,2025-11-10,0.4642857142857143
02UT3447_DIXIENUTRITION-STGEORGE,2025-11-10,0.4642857142857143
02CA6789A_BJSHEALTHFOODS,2025-11-10,0.46226415094339623
02TN1148_COLUMBIAHEALTHFOODS,2025-11-10,0.46226415094339623
02WA8100_COUNTRYVILLAGENUTRITIONSHOP,2025-11-10,0.46226415094339623
02AL4260_VALLEYHEALTHFOODS,2025-11-10,0.46226415094339623
02CA5738_GREENSNUTRITION,2025-11-10,0.46226415094339623
02WA6413_WENATCHEENATURALFOODS,2025-11-10,0.46226415094339623
02CA5669_CONESHEALTHFOODS,2025-11-10,0.46226415094339623
02WA9450_THEMARKETS-ANACORTES,2025-11-10,0.46226415094339623
02CA6990_LASSENSFAMILYNATURALFOODS,2025-11-10,0.46226415094339623
02WI3811_HEALTHHUTMUKWONAGO,2025-11-10,0.46226415094339623
02OR0850_SHERMSTHUNDERBIRDMARKET,2025-11-10,0.46226415094339623
02PA6100_PENNHERBCO-DECATUR,2025-11-10,0.46226415094339623
02CA7123_OLIVERSMARKETSANTAROSA,2025-11-10,0.46226415094339623
02AL2050_NATURESAPOTHECARY,2025-11-10,0.46226415094339623
02AL0644_FAIRHOPEHEALTHFOODS,2025-11-10,0.46226415094339623
02OK1030_ECONOMYPHARMACY-NYORK,2025-11-10,0.46226415094339623
02OK0877_MARTHASHEALTHFOODSHERBS,2025-11-10,0.46226415094339623
09TX33332_ELKELEWIS,2025-11-10,0.46226415094339623
02OH9945_ALLABOUTHEALTH,2025-11-10,0.46226415094339623
02OH9055_QUALITYHEALTHFOODS,2025-11-10,0.46226415094339623
02AL0006_BECKYSHEALTHFOODS,2025-11-10,0.46226415094339623
02OH7772_HEALTHYALTERNATIVES,2025-11-10,0.46226415094339623
02CA7360_SPROUTS-CHULAVISTA,2025-11-10,0.46226415094339623
02WA5940_BEEMSNUTRITIONCENTER,2025-11-10,0.46226415094339623
02WA4080_MARLENESMARKETDELI,2025-11-10,0.46226415094339623
02WA4840_SETTLERSCOUNTRYMARKET,2025-11-10,0.46226415094339623
02UT4804_DIXIENUTRITION-HURRICANE,2025-11-10,0.46226415094339623
02TN4909_HEALTHSHOPPE,2025-11-10,0.46226415094339623
02TX0512_VITAMINSPLUS251,2025-11-10,0.46226415094339623
02TX1371_ABNERSNUTRITIONCENTER,2025-11-10,0.46226415094339623
02CA0220_HEALTHUNLIMITED,2025-11-10,0.46226415094339623
02TX5165_ANNSHEALTHFOOD,2025-11-10,0.46226415094339623
02AZ6494_SIERRAVISTAVITAMINS,2025-11-10,0.46226415094339623
02SD3900_STAPLESPICEMARKET,2025-11-10,0.46226415094339623
02AR6800_VILLAGENUTRITIONINC,2025-11-10,0.46226415094339623
02TX9559_NEXTGENERATIONHEALTHFOODS,2025-11-10,0.46226415094339623
02SC9534_LOC_bf567595bf9c,2025-11-10,0.46226415094339623
02SC9295_NATURESREMEDIES,2025-11-10,0.46226415094339623
02UT39024_DAVESHEALTHNUTRITIONSALT,2025-11-10,0.46226415094339623
02CA1909_HERBSPRO,2025-11-10,0.46226415094339623
02PA6644_QUEENSNUTRITIONALPRODUCTS,2025-11-10,0.46226415094339623
02SC3222_VITALITYHEALTHFOOD,2025-11-10,0.46226415094339623
02VA1764A_NATURESOUTLETVALLEYVIEWBL,2025-11-10,0.46226415094339623
02VA3899_ORGANICFOODDEPOT-NORFOLK,2025-11-10,0.46226415094339623
02PR1588_NATUCENTRO,2025-11-10,0.46226415094339623
02AL8458_APPLEADAY,2025-11-10,0.46226415094339623
02PR0243_FRESHMART-CAGUAS,2025-11-10,0.46226415094339623
02PR0241_FRESHMART-CONDADO,2025-11-10,0.46226415094339623
02CA3202_HARVESTHEALTHFOODS,2025-11-10,0.46226415094339623
02CA3530_OLIVERSMARKETSANTAROSA,2025-11-10,0.46226415094339623
02TN3663_GOODFOODGROCERY-KINGSPORT,2025-11-10,0.46226415094339623
02CA4800_SHERISSUNSHINENUTRITION,2025-11-10,0.46226415094339623
02CA5111_HIGHCOUNTRYHEALTHFOODS,2025-11-10,0.46226415094339623
02CA7696_LASSENSHEALTHFOODS,2025-11-10,0.46226415094339623
02IL0461_POLSONSNATURALFOODS,2025-11-10,0.46226415094339623
02CA8255_NATURESHEALTHFOODCAFE,2025-11-10,0.46226415094339623
02MS0550_THECHEMIST,2025-11-10,0.46226415094339623
02KS8998_NATURALOFCOURSE,2025-11-10,0.46226415094339623
02GA3003_PROHEALTH,2025-11-10,0.46226415094339623
02GA1969_NATURESOWNHERBSHOP,2025-11-10,0.46226415094339623
02LA7079_VITAMINSPLUS210,2025-11-10,0.46226415094339623
02LA9788_SUNSHINEHEALTHFOODS-BOSSIE,2025-11-10,0.46226415094339623
02GA1566_ACTNATURALHEALTHFOODS,2025-11-10,0.46226415094339623
02MD0770_LIVINGHEALTHY2,2025-11-10,0.46226415094339623
02GA1252_GOODNUTRITIONGAINESVILLE,2025-11-10,0.46226415094339623
02GA0078_GOODNUTRITION-SNELLVILLE,2025-11-10,0.46226415094339623
02FL8995_FOODFORTHOUGHT-SEBRING,2025-11-10,0.46226415094339623
02MI2307_HEALTHHUT,2025-11-10,0.46226415094339623
02MI8191_ORGANICFOODVITAMINCENTER,2025-11-10,0.46226415094339623
02FL2666_MMVITAMINS,2025-11-10,0.46226415094339623
02MO3341_MIDWESTHEALTHPRODUCT,2025-11-10,0.46226415094339623
02FL2144_FLORIDAHEALTHFOODS1,2025-11-10,0.46226415094339623
02KS7337_NATURALFOODCENTERINC,2025-11-10,0.46226415094339623
02IN9525_GEORGETOWNMARKET,2025-11-10,0.46226415094339623
02IN9077_SUNFLOWERNATURALFOODS,2025-11-10,0.46226415094339623
02IL7614_FRUITFULYIELD-DARIEN,2025-11-10,0.46226415094339623
02IL0422_SUNRISEHEALTHFOODS,2025-11-10,0.46226415094339623
02IL1620_NUTRITIONNETWORK,2025-11-10,0.46226415094339623
02IL1755_KUDUSHEALTHFOODS,2025-11-10,0.46226415094339623
02IL3304_FRUITIFULYIELD-OSWEGO,2025-11-10,0.46226415094339623
02IL4500_NATURESCORNUCOPIA,2025-11-10,0.46226415094339623
02IL6466_COUNTRYNUTRITIONINC,2025-11-10,0.46226415094339623
02ID2139_CHRISTINESHERBSTHINGS,2025-11-10,0.46226415094339623
02IN8562_THEVITAMINSHOP,2025-11-10,0.46226415094339623
02IL8240_FRUITFULYIELD-JOLIET,2025-11-10,0.46226415094339623
02HI0185_LOC_e9da38370df0,2025-11-10,0.46226415094339623
02GA9999_FARMERSNATURALFOODS,2025-11-10,0.46226415094339623
02IN2335A_NATURESCUPBOARD,2025-11-10,0.46226415094339623
02GA8844_GOODNUTRITIONNORCROSS,2025-11-10,0.46226415094339623
02IN7025_ATNATURESDOOR,2025-11-10,0.46226415094339623
02FL1112_PEGGYSDISCOUNT,2025-11-10,0.46226415094339623
GNCF2340_GNC2340,2025-11-10,0.46226415094339623
02MT6969_MONTANAHARVESTNATURALFOODS,2025-11-10,0.46226415094339623
02NV8818_NATURALNUTRITION,2025-11-10,0.46226415094339623
02CO3525_STERLINGHEALTHFOODS,2025-11-10,0.46226415094339623
02NJ3637_NATURESNUTRITION,2025-11-10,0.46226415094339623
02NJ7328_GREENSNATURALFOODS-SHREWBURY,2025-11-10,0.46226415094339623
02ND5820_HUGOS8,2025-11-10,0.46226415094339623
02CA8787_ARTESIANNATURALFOODS,2025-11-10,0.46226415094339623
02ND4200_NEWWAYHEALTH,2025-11-10,0.46226415094339623
02NJ9355_AUNTDEBBIESHEALTHFOOD,2025-11-10,0.46226415094339623
02NC8786_MTMANNUTRITION,2025-11-10,0.46226415094339623
02NM3901_BACKTOBASICSBOSQUEFARMS,2025-11-10,0.46226415094339623
02NC5408_THEWHOLESTORE,2025-11-10,0.46226415094339623
02FL0009_GRASSROOTSNATURALMARKETII,2025-11-10,0.46226415094339623
02NC6840B_HOUSEOFHEALTHEDENINC,2025-11-10,0.46226415094339623
02NV9297_PUREHEALTHFOODS,2025-11-10,0.46226415094339623
02MT9259_SUNDROPHEALTHFOODS,2025-11-10,0.46226415094339623
02CA8591_SUNRISENATURALFOODS,2025-11-10,0.46226415094339623
02CA8330_RAINBOWACRES,2025-11-10,0.46226415094339623
02NC1808_FEELINGGREATHEALTHYMKTPLAC,2025-11-10,0.46226415094339623
02NC0300_HEALTHABITNATURALFOODS,2025-11-10,0.46226415094339623
02CA8919_NEWEARTHMARKET,2025-11-10,0.45
02MI9459_NATURALHEALTHCENTER,2025-11-10,0.45
02OK1347_CHAMBERLINSMARKETNORTHLAKELAND12,2025-11-10,0.45
09MS06979_FREEDOMPHARMACY,2025-11-10,0.4451347661361421
02TX7759_MAJORHEALTHFOODS,2025-11-10,0.4002614184136389
02NY3333_AMATTEROFHEALTH,2025-11-10,0.3870967741935484
02OH0994_NATURALFOODSPLUS,2025-11-10,0.3870967741935484
02CA6990A_LASSENS,2025-11-10,0.3870967741935484
02IL6166_SUNRISEHEALTHFOODS,2025-11-10,0.3870967741935484
02CA6114_VPDISCOUNT,2025-11-10,0.3870967741935484
02TX8771_NUTRI-CENTRENATURALFOODS,2025-11-10,0.3870967741935484
02AZ4120_LEESRITEWAYMARKET,2025-11-10,0.3870967741935484
02KY2470_RAINBOWBLOSSOM,2025-11-10,0.3870967741935484
02TX7728_GARDENVILLEHEALTHFOODS,2025-11-10,0.3870967741935484
02LA0033_VITAMINSPLUS,2025-11-10,0.3870967741935484
02FL7553_DELANDBAKERY,2025-11-10,0.3870967741935484
02TX6949_PEAKNUTRITIONCENTER,2025-11-10,0.3870967741935484
02MO7880_THEHEALTHSTORE,2025-11-10,0.3870967741935484
02AZ8182_HERBSHERBS,2025-11-10,0.3870967741935484
02AL4796_ENTERPRISEHEALTHFOODS,2025-11-10,0.2222222222222222
02IL7732_DISCOUNTNUTRITIONCENTER,2025-11-10,0.2222222222222222
02NC2224_EARTHHEART,2025-11-10,0.2222222222222222
02IL6924_SUNRISEHEALTHFOODS,2025-11-10,0.2222222222222222
02FL2179_EARTHORIGINSMARKET17,2025-11-10,0.2222222222222222
02IL5552_FRUITFULYIELDMAILORDER,2025-11-10,0.2222222222222222
02IL3490A_FRUITFULYIELD-BATAVIA,2025-11-10,0.2222222222222222
02IL0651_FRUITFULYIELD-NAPPERVILLE,2025-11-10,0.2222222222222222
02TX7867_VITAMINSPLUS273,2025-11-10,0.2222222222222222
02CA1806_SANTAROSACOMMUNITYMARKET,2025-11-10,0.2222222222222222
02FL1200_LOCATELHEALTHWELLNESS,2025-11-10,0.2222222222222222
02IL1659_CLETASNUTRITION,2025-11-10,0.2222222222222222
02OH1515_HEALTHFOODCTROFYOUNGSTOWN,2025-11-10,0.2222222222222222
02MO8554_THEHERBSHOP,2025-11-10,0.2222222222222222
02TX0541_NATURALVITAMINS-HERBS,2025-11-10,0.2222222222222222
02IA8124_NUTRITIONOUTLET,2025-11-10,0.2222222222222222
02CA7714_CLARKSNUTRITIONALCENTER,2025-11-10,0.2222222222222222
02CO4995_ABUNDANTLIFE,2025-11-10,0.2222222222222222
02PR0682_NATURALFOODCENTER,2025-11-10,0.2222222222222222
02GA5513_GOODNUTRITIONMARIETTA,2025-11-10,0.2222222222222222
02CA9501_OLIVERSMARKET,2025-11-10,0.2222222222222222
02KS1088_GREENACRES-WICHITA,2025-11-10,0.2222222222222222
02TX1681_HARMONEYHEALTHFOODSHOPPE,2025-11-10,0.2222222222222222
02TX6093_NATURESTOUCH,2025-11-10,0.2222222222222222
02OK8609_BILLIESHEALTHFOODCENTER,2025-11-10,0.2222222222222222
02MA0115_ACKCETERAINC,2025-11-10,0.2222222222222222
02VA8018_HEALTHTRAIL,2025-11-10,0.2222222222222222
02CA5633_FELTONNUTRITION,2025-11-10,0.2222222222222222
02MD2360_HERBALINFUSION,2025-11-10,0.2222222222222222
02WV7998_EDITHSHEALTHPRODUCTS,2025-11-10,0.08277279412881185
02TX8469_VILLAGEFOODS,2025-11-10,0.04573575709177336
02WI4219_NATURALLYYOURS,2025-11-10,0.0
02CA4070_NATURALLYYOURS,2025-11-10,0.0
02IN3709_GOODEARTHNATURALFOODSTORE,2025-11-10,0.0
02OR4251_WYNANTSFAMILYHEALTHFOODS,2025-11-10,0.0
09IN32220_NATURALBODYBALANCE,2025-11-10,0.0
02TX7373_TRIHEALTHFOODS,2025-11-10,0.0
