account_id,asof_date,days_since_last,median_interval_recent5,median_interval_180d,days_into_cycle,velocity_trend,orders_30d,orders_90d,orders_180d,is_severely_overdue,is_high_frequency,risk_prob_reorder_60d
02CA5678_IHERB-HEBRONDC,2025-11-13,1,13.0,15.0,0.07692307692307693,1.1538461538461537,2.0,7.0,11.0,0.0,0.0,0.9714732817376854
02CA6325_EUREKANATURALFOODS,2025-11-13,6,23.5,25.0,0.2553191489361702,1.0638297872340425,2.0,4.0,6.0,0.0,0.0,0.9080537080032859
02MO0990A_CLOVERSNATURALFOODS,2025-11-13,7,28.0,18.0,0.25,0.6428571428571429,2.0,4.0,7.0,0.0,0.0,0.9070651340339344
02WA8100_COUNTRYVILLAGENUTRITIONSHOP,2025-11-13,6,25.0,25.0,0.24,1.0,2.0,3.0,4.0,0.0,0.0,0.8974357657735168
02PR7800_EAGLELOGISTICS,2025-11-13,9,14.0,14.0,0.6428571428571429,1.0,2.0,5.0,6.0,0.0,0.0,0.8664566290777949
09FL50941_FULLGREENCIRCLE,2025-11-13,6,49.0,49.0,0.12244897959183673,1.0,1.0,2.0,4.0,0.0,0.0,0.8624643735751072
02FL9009_LIFEEXTENSIONNUTRITIONCTR,2025-11-13,6,24.5,24.5,0.24489795918367346,1.0,1.0,4.0,5.0,0.0,0.0,0.8577675848437453
02FL7047_DEBBIESHEALTHFOODSIII,2025-11-13,6,28.0,28.0,0.21428571428571427,1.0,1.0,4.0,4.0,0.0,0.0,0.8441882339028293
02CA1475_NEWEARTHMARKET,2025-11-13,7,21.5,28.0,0.32558139534883723,1.302325581395349,2.0,4.0,6.0,0.0,0.0,0.8416393978558212
02CA6114_VPDISCOUNT,2025-11-13,7,21.0,20.0,0.3333333333333333,0.9523809523809523,2.0,4.0,4.0,0.0,0.0,0.8400319758346407
02MT4668_GESUNDHEITNUTIRITONCENTER,2025-11-13,6,12.0,12.0,0.5,1.0,2.0,5.0,5.0,0.0,0.0,0.8359601327534776
02AK5433_SUNSHINEHEALTHFOODS,2025-11-13,7,12.5,16.0,0.56,1.28,3.0,6.0,8.0,0.0,0.0,0.8358013611462937
02UT4500_SHIRLYNSNATURALFOODS,2025-11-13,7,15.0,15.0,0.4666666666666667,1.0,2.0,4.0,4.0,0.0,0.0,0.8303007858267156
02CO1988_NATURESOASIS,2025-11-13,7,63.0,38.0,0.1111111111111111,0.6031746031746031,2.0,3.0,4.0,0.0,0.0,0.8215442354413649
02FL0035_LOC_d6dc6f09b3c1,2025-11-13,6,10.5,15.0,0.5714285714285714,1.4285714285714286,3.0,6.0,8.0,0.0,0.0,0.8204617389216539
02LA0033_VITAMINSPLUS,2025-11-13,6,14.0,14.0,0.42857142857142855,1.0,2.0,4.0,4.0,0.0,0.0,0.819992264927427
02FL9500C_NUTRITIONSMART,2025-11-13,6,14.0,14.0,0.42857142857142855,1.0,2.0,5.0,7.0,0.0,0.0,0.8171610070285118
02PA17770_HOLLYHILLSHEALTHFOODS,2025-11-13,6,44.0,44.0,0.13636363636363635,1.0,2.0,3.0,4.0,0.0,0.0,0.8147052565738298
02FL6825_ROLLINSOATS,2025-11-13,6,21.5,21.5,0.27906976744186046,1.0,2.0,3.0,5.0,0.0,0.0,0.8145510328642169
02LA7079_VITAMINSPLUS210,2025-11-13,9,62.0,62.0,0.14516129032258066,1.0,1.0,2.0,2.0,0.0,0.0,0.812320612679461
02NJ7711_VIRGINIADISTRIBUTIONCTR9004,2025-11-13,15,11.0,11.0,1.3636363636363635,1.0,2.0,4.0,5.0,0.0,0.0,0.812121439889239
02TX1993_FAMILYNUTRITIONCENTER,2025-11-13,7,48.0,48.0,0.14583333333333334,1.0,2.0,3.0,4.0,0.0,0.0,0.8111005247340108
02NE0869_NATURALFOODPRODUCTS,2025-11-13,7,31.5,26.0,0.2222222222222222,0.8253968253968254,1.0,3.0,4.0,0.0,0.0,0.808146403881302
02MO9261_RUBYSMARKET1,2025-11-13,9,18.0,18.0,0.5,1.0,2.0,3.0,5.0,0.0,0.0,0.8081009603854621
02AZ4120_LEESRITEWAYMARKET,2025-11-13,7,60.5,24.0,0.11570247933884298,0.39669421487603307,2.0,3.0,3.0,0.0,0.0,0.8069411504589463
02MO7852_EARTHMOTHERHEALTHFOODS,2025-11-13,8,9.5,15.0,0.8421052631578947,1.5789473684210527,3.0,7.0,8.0,0.0,0.0,0.802678214422936
02OK1347_CHAMBERLINSMARKETEASTORLANDO9,2025-11-13,8,18.0,18.0,0.4444444444444444,1.0,2.0,5.0,5.0,0.0,0.0,0.8003178554521341
02FL5224A_EARTHORIGINS13,2025-11-13,13,17.0,17.5,0.7647058823529411,1.0294117647058822,3.0,5.0,7.0,0.0,0.0,0.7936122259864469
02MS0211_WHOLESALENUTRITION,2025-11-13,6,15.0,7.0,0.4,0.4666666666666667,2.0,7.0,12.0,0.0,0.0,0.7877198141529159
02NJ7325_GREENSNATURALFOODS-OCEAN,2025-11-13,13,21.0,21.0,0.6190476190476191,1.0,2.0,3.0,4.0,0.0,0.0,0.7874236874416529
02TX5165_ANNSHEALTHFOOD,2025-11-13,9,63.0,63.0,0.14285714285714285,1.0,1.0,2.0,2.0,0.0,0.0,0.7866264254680964
02VA6711_GOODFOODGROCERY-STONEYPOINT,2025-11-13,6,17.0,23.5,0.35294117647058826,1.3823529411764706,1.0,4.0,7.0,0.0,0.0,0.7853835251746035
02MO1650A_CLOVERSNATURALMARKET,2025-11-13,6,17.5,21.0,0.34285714285714286,1.2,1.0,5.0,6.0,0.0,0.0,0.7828037777910896
02FL2887,2025-11-13,17,27.0,19.5,0.6296296296296297,0.7222222222222222,2.0,3.0,7.0,0.0,0.0,0.7823484339833334
02CA4778_UKIAHCO-OP,2025-11-13,8,19.0,19.0,0.42105263157894735,1.0,2.0,3.0,4.0,0.0,0.0,0.7799203028248882
02TX7759_MAJORHEALTHFOODS,2025-11-13,7,43.0,29.0,0.16279069767441862,0.6744186046511628,2.0,3.0,3.0,0.0,0.0,0.7750841705455669
02WA7000_VITAMINLIFE-WOODINVILLE,2025-11-13,9,42.0,35.0,0.21428571428571427,0.8333333333333334,2.0,3.0,4.0,0.0,0.0,0.7729816260722346
02SC4856_GARNERSNATURALLIFE,2025-11-13,8,22.5,22.5,0.35555555555555557,1.0,1.0,4.0,5.0,0.0,0.0,0.7703528135810784
02CA5678_IHERB-MORENOVALLEYDC,2025-11-13,21,16.0,16.0,1.3125,1.0,1.0,4.0,9.0,0.0,0.0,0.7640057270310815
02TX68818_BETTERHEALTHMARKET,2025-11-13,10,51.0,51.0,0.19607843137254902,1.0,2.0,2.0,3.0,0.0,0.0,0.7635890363025815
02MA0808_GOODHEALTHNATURALSFOODS,2025-11-13,7,11.0,9.0,0.6363636363636364,0.8181818181818182,3.0,9.0,11.0,0.0,1.0,0.7585601733653164
02MO3341_MIDWESTHEALTHPRODUCT,2025-11-13,6,22.0,22.0,0.2727272727272727,1.0,2.0,2.0,2.0,0.0,0.0,0.7461656289543717
02MO0909_SUZANNESNATURALFOODS,2025-11-13,7,37.0,37.0,0.1891891891891892,1.0,1.0,3.0,5.0,0.0,0.0,0.7448707280732233
02OK1347_AKINSNATURALFOODSFONTANA3,2025-11-13,14,17.0,17.0,0.8235294117647058,1.0,3.0,4.0,5.0,0.0,0.0,0.7405423157292087
02FL3700_EARTHORIGINS14,2025-11-13,8,22.5,22.5,0.35555555555555557,1.0,2.0,3.0,5.0,0.0,0.0,0.7355120023317672
02GA1525_CLASSICSOLUTIONS,2025-11-13,6,44.0,44.0,0.13636363636363635,1.0,2.0,2.0,3.0,0.0,0.0,0.7349124809649803
02CO7577_THENATURALFOODSTORE,2025-11-13,6,77.0,46.0,0.07792207792207792,0.5974025974025974,2.0,2.0,3.0,0.0,0.0,0.733946961616878
02PA7384A_SAVEMART,2025-11-13,6,32.0,32.0,0.1875,1.0,1.0,3.0,3.0,0.0,0.0,0.7322075763770722
02OH0994_NATURALFOODSPLUS,2025-11-13,7,15.5,15.5,0.45161290322580644,1.0,2.0,3.0,3.0,0.0,0.0,0.7319988113225898
02CA1516_ACCENTONHEALTH,2025-11-13,7,47.0,74.0,0.14893617021276595,1.574468085106383,2.0,2.0,3.0,0.0,0.0,0.7251192297302363
02WA4840_SETTLERSCOUNTRYMARKET,2025-11-13,38,0.0,0.0,999.0,1.0,0.0,1.0,1.0,0.0,0.0,0.7221512221838706
02WA5940_BEEMSNUTRITIONCENTER,2025-11-13,6,49.0,49.0,0.12244897959183673,1.0,1.0,2.0,2.0,0.0,0.0,0.7195050052680544
02MO5423_NATURESWONDERS,2025-11-13,10,17.0,11.0,0.5882352941176471,0.6470588235294118,2.0,2.0,7.0,0.0,0.0,0.717427546234152
02PR0244_FRESHMART-GUAYNABO,2025-11-13,9,18.0,7.0,0.5,0.3888888888888889,1.0,4.0,6.0,0.0,0.0,0.7169043182501186
02WA5386_MILLCREEKNATURALFOODS,2025-11-13,20,25.5,25.5,0.7843137254901961,1.0,1.0,3.0,5.0,0.0,0.0,0.7133001306079807
02AR5263_THETRUCKPATCH,2025-11-13,6,58.0,66.0,0.10344827586206896,1.1379310344827587,1.0,2.0,4.0,0.0,0.0,0.7116827271517195
02TX8612_VITAMINPLUS262,2025-11-13,15,27.5,26.0,0.5454545454545454,0.9454545454545454,1.0,4.0,6.0,0.0,0.0,0.7108904454697859
02FL2746_EARTHORIGINS50,2025-11-13,14,13.5,13.5,1.037037037037037,1.0,3.0,4.0,5.0,0.0,0.0,0.7088520586760461
02MI3144_ZERBOSHEALTHFOODS,2025-11-13,9,23.0,23.0,0.391304347826087,1.0,1.0,3.0,4.0,0.0,0.0,0.7073268084074139
09TX4212_MONAHANSPHARMACY,2025-11-13,8,43.0,43.0,0.18604651162790697,1.0,1.0,2.0,3.0,0.0,0.0,0.7070196746212936
02IL1555_MARIMANNHERBCOINC,2025-11-13,6,42.5,41.0,0.1411764705882353,0.9647058823529412,1.0,2.0,4.0,0.0,0.0,0.7055281909253236
02OK1347_CHAMBERLINSMARKETKISSIMMEE15,2025-11-13,6,19.0,19.0,0.3157894736842105,1.0,2.0,3.0,3.0,0.0,0.0,0.7039963484071348
02KY0012_ROBERTSHEALTHFOOD,2025-11-13,16,16.5,17.0,0.9696969696969697,1.0303030303030303,2.0,6.0,7.0,0.0,0.0,0.7035020529906008
02FL1908_SUPERVALUENUTRITION,2025-11-13,21,40.0,40.0,0.525,1.0,2.0,3.0,4.0,0.0,0.0,0.7004298055829936
02FL7553_DELANDBAKERY,2025-11-13,7,38.5,38.5,0.18181818181818182,1.0,1.0,3.0,3.0,0.0,0.0,0.6991205521864912
02AR1973_NATURESWONDERS,2025-11-13,21,19.5,15.0,1.0769230769230769,0.7692307692307693,2.0,4.0,6.0,0.0,0.0,0.6857384028979082
02MI8744_JOJOSNATURALMARKET,2025-11-13,6,49.0,49.0,0.12244897959183673,1.0,1.0,2.0,3.0,0.0,0.0,0.6838625944999491
02MI4942_HARVESTHEALTH-HOLLAND,2025-11-13,13,13.5,12.0,0.9629629629629629,0.8888888888888888,1.0,7.0,10.0,0.0,0.0,0.6808666687324635
02WY0862_WINDRIVERMERCANTILE,2025-11-13,7,49.0,49.0,0.14285714285714285,1.0,1.0,2.0,3.0,0.0,0.0,0.679686060962036
02SD5985_WAYNEANDMARYSNUTRITIONAL,2025-11-13,48,28.5,28.5,1.6842105263157894,1.0,0.0,2.0,3.0,0.0,0.0,0.6769021695993186
02OK1347_AKINSNATURALFOODSROGERS19,2025-11-13,13,7.0,12.0,1.8571428571428572,1.7142857142857142,3.0,6.0,10.0,0.0,0.0,0.6715839336673622
02CA8330_RAINBOWACRES,2025-11-13,8,20.5,20.5,0.3902439024390244,1.0,1.0,3.0,3.0,0.0,0.0,0.6711255876873149
02KS8998_NATURALOFCOURSE,2025-11-13,30,0.0,0.0,999.0,1.0,0.0,1.0,1.0,0.0,0.0,0.6710202859003587
02OK1347_CHAMBERLINSMARKETNORTHLAKELAND12,2025-11-13,15,62.5,62.5,0.24,1.0,2.0,2.0,3.0,0.0,0.0,0.6695304504401386
02SC9286_HERBALSOLUTIONS,2025-11-13,9,7.0,10.0,1.2857142857142858,1.4285714285714286,4.0,6.0,8.0,0.0,0.0,0.6678983723568571
02CA6990_LASSENSFAMILYNATURALFOODS,2025-11-13,8,10.5,10.5,0.7619047619047619,1.0,3.0,3.0,3.0,0.0,0.0,0.6649222371515819
02CA0564_ALLSTARHEALTH,2025-11-13,23,45.5,29.0,0.5054945054945055,0.6373626373626373,1.0,3.0,4.0,0.0,0.0,0.6633264033276325
02NC6840B_HOUSEOFHEALTHEDENINC,2025-11-13,48,28.0,28.0,1.7142857142857142,1.0,0.0,2.0,2.0,0.0,0.0,0.6618996115284422
02PR0241_FRESHMART-CONDADO,2025-11-13,9,119.0,14.0,0.07563025210084033,0.11764705882352941,2.0,2.0,2.0,0.0,0.0,0.6615743839317801
02FL5682_EARTHORIGINS9,2025-11-13,14,12.5,7.0,1.12,0.56,2.0,6.0,8.0,0.0,0.0,0.6483408776492506
02IN2335A_NATURESCUPBOARD,2025-11-13,6,43.0,43.0,0.13953488372093023,1.0,1.0,2.0,2.0,0.0,0.0,0.6480320281024943
02NV8818_NATURALNUTRITION,2025-11-13,6,102.5,56.0,0.05853658536585366,0.5463414634146342,1.0,2.0,2.0,0.0,0.0,0.6453236524999665
02WA2883_THEFOODCO-OP,2025-11-13,71,21.0,21.0,3.380952380952381,1.0,0.0,1.0,2.0,1.0,0.0,0.6430619914169052
02WA0933_MARLENESMARKETDELI,2025-11-13,38,31.5,31.5,1.2063492063492063,1.0,0.0,2.0,3.0,0.0,0.0,0.6425544976273825
02MI7555_HARVESTHEALTHFOODS,2025-11-13,16,13.5,10.0,1.1851851851851851,0.7407407407407407,2.0,7.0,11.0,0.0,0.0,0.6420951732805367
02SC9534_LOC_bf567595bf9c,2025-11-13,50,0.0,0.0,999.0,1.0,0.0,1.0,1.0,0.0,0.0,0.6391536279762622
02IN2335_NATURESCUPBOARD,2025-11-13,6,49.0,49.0,0.12244897959183673,1.0,2.0,2.0,3.0,0.0,0.0,0.638445167840674
02PR0145A_FRESHMART,2025-11-13,9,7.0,7.0,1.2857142857142858,1.0,3.0,6.0,11.0,0.0,0.0,0.63754262374108
02PR0145_FRESHMART-HATOREY,2025-11-13,9,7.0,7.0,1.2857142857142858,1.0,3.0,6.0,11.0,0.0,0.0,0.63754262374108
02CA2054_FRAZIERFARMSMARKET-OCEANSI,2025-11-13,16,13.0,10.5,1.2307692307692308,0.8076923076923077,2.0,6.0,11.0,0.0,0.0,0.6365982029399576
02MS9402_VITAMINSPUS-HATTIESBURG,2025-11-13,6,43.0,43.0,0.13953488372093023,1.0,1.0,2.0,2.0,0.0,0.0,0.6363557912825748
02AR2576_VITAMINSPUS240,2025-11-13,6,43.0,43.0,0.13953488372093023,1.0,1.0,2.0,2.0,0.0,0.0,0.6363557912825748
02TN8117_SPROUTSFARMERSMARKET0583,2025-11-13,6,16.0,16.0,0.375,1.0,2.0,2.0,2.0,0.0,0.0,0.635956716449306
02CA4200A_SPROUTSFARMERSMARKET267,2025-11-13,6,17.0,17.0,0.35294117647058826,1.0,2.0,2.0,2.0,0.0,0.0,0.6359107913795103
02OH5100_HEALTHFOODSUNLIMITED,2025-11-13,15,27.0,28.0,0.5555555555555556,1.037037037037037,1.0,3.0,6.0,0.0,0.0,0.6346242222467772
02FL21962_STCLOUDHEALTHFOODS,2025-11-13,45,62.5,62.5,0.72,1.0,0.0,2.0,3.0,0.0,0.0,0.6311915915738384
02NV2494_STAYHEALTHY,2025-11-13,27,43.0,28.5,0.627906976744186,0.6627906976744186,1.0,3.0,3.0,0.0,0.0,0.6303555352835655
02FL2726_THEHEALTHBASKET,2025-11-13,27,20.5,20.5,1.3170731707317074,1.0,1.0,3.0,5.0,0.0,0.0,0.6293360089269572
02CA3173_ELLIOTSNATURALFOODS,2025-11-13,13,11.0,8.0,1.1818181818181819,0.7272727272727273,1.0,5.0,6.0,0.0,0.0,0.6177118788719939
02FL0096_RUTABAGASETC,2025-11-13,58,42.0,42.0,1.380952380952381,1.0,0.0,1.0,2.0,0.0,0.0,0.6175536370323104
02ND9842_SWANSONHEALTHPRODFARGO,2025-11-13,16,11.5,11.5,1.391304347826087,1.0,1.0,4.0,5.0,0.0,0.0,0.6163867326416568
02NJ8555_GREENLIFEEXPRESS,2025-11-13,66,26.0,26.0,2.5384615384615383,1.0,0.0,2.0,5.0,1.0,0.0,0.6157256458623016
02MO3608_NATURESPANTRY,2025-11-13,98,38.0,38.0,2.5789473684210527,1.0,0.0,0.0,2.0,1.0,0.0,0.6153860886905946
02IL9114_PASSHEALTHFOODS,2025-11-13,43,28.0,28.0,1.5357142857142858,1.0,0.0,2.0,4.0,0.0,0.0,0.6137261731224188
02IN1984_SUNRISEHEALTHFOODS,2025-11-13,34,23.0,23.0,1.4782608695652173,1.0,0.0,3.0,3.0,0.0,0.0,0.60877492295536
02SD1717_WAYNEANDMARYSNUTRITION,2025-11-13,13,18.0,18.0,0.7222222222222222,1.0,1.0,2.0,5.0,0.0,0.0,0.6067299037537954
02CO5712_SPROUTSFARMERSMARKET321,2025-11-13,6,17.0,17.0,0.35294117647058826,1.0,2.0,2.0,2.0,0.0,0.0,0.6051029168292907
02FL8215_SPROUTSFARMERSMARKET0633,2025-11-13,6,16.0,16.0,0.375,1.0,2.0,2.0,2.0,0.0,0.0,0.6047461663507651
02IL8009_FOODFANTASIES,2025-11-13,70,20.0,20.0,3.5,1.0,0.0,1.0,2.0,1.0,0.0,0.6044305345359903
02MI9452_HEALTHSMART,2025-11-13,6,42.0,42.0,0.14285714285714285,1.0,1.0,2.0,2.0,0.0,0.0,0.603930238759466
02NC8600_ASNATURALHEALTH,2025-11-13,62,29.0,29.0,2.1379310344827585,1.0,0.0,2.0,3.0,1.0,0.0,0.5957051357548321
02CA4274_SPROUTSFARMERSMARKET439,2025-11-13,7,16.0,16.0,0.4375,1.0,2.0,2.0,2.0,0.0,0.0,0.5954890798416338
02OR8118_PARKWAYHEALTHFOODS,2025-11-13,16,17.5,21.5,0.9142857142857143,1.2285714285714286,1.0,2.0,7.0,0.0,0.0,0.5938159595142519
02MI3158_NASSAUHEALTHFOODS,2025-11-13,20,15.5,15.5,1.2903225806451613,1.0,1.0,5.0,7.0,0.0,0.0,0.5908089258624593
02CO4139_MOUNTAINMAMANATURALS,2025-11-13,59,61.5,46.0,0.959349593495935,0.7479674796747967,0.0,1.0,2.0,0.0,0.0,0.5869148737226673
02MO2000_GOOD4-UNUTRITION,2025-11-13,41,64.0,64.0,0.640625,1.0,0.0,1.0,2.0,0.0,0.0,0.5852188804261538
02CA4800_SHERISSUNSHINENUTRITION,2025-11-13,72,32.0,32.0,2.25,1.0,0.0,1.0,2.0,1.0,0.0,0.5851236150661484
02CA4015_SPROUTSFARMERSMARKET276,2025-11-13,8,15.0,15.0,0.5333333333333333,1.0,2.0,2.0,2.0,0.0,0.0,0.5836890157046976
02AZ8182_HERBSHERBS,2025-11-13,21,103.0,64.0,0.20388349514563106,0.6213592233009708,1.0,2.0,2.0,0.0,0.0,0.5832681193127219
02MO5283_OFALLONNUTRITION,2025-11-13,41,36.0,28.0,1.1388888888888888,0.7777777777777778,0.0,2.0,4.0,0.0,0.0,0.5830808111266256
02TX9766_VITAMINSPLUS284,2025-11-13,14,14.0,14.0,1.0,1.0,2.0,2.0,5.0,0.0,0.0,0.582459536359865
02NC5408_THEWHOLESTORE,2025-11-13,58,42.0,42.0,1.380952380952381,1.0,0.0,1.0,3.0,0.0,0.0,0.5802318694701876
02NC4315_THEONLYEARTH,2025-11-13,9,4.0,5.5,2.25,1.375,4.0,7.0,7.0,1.0,0.0,0.5799635956522641
02NJ7711_THEVITAMINSHOPPE9005,2025-11-13,29,8.0,8.0,3.625,1.0,1.0,3.0,4.0,1.0,0.0,0.579177611306294
02TN4909_HEALTHSHOPPE,2025-11-13,30,56.0,56.0,0.5357142857142857,1.0,0.0,2.0,2.0,0.0,0.0,0.5768206560043838
02IL0422_SUNRISEHEALTHFOODS,2025-11-13,41,23.0,23.0,1.7826086956521738,1.0,0.0,2.0,2.0,0.0,0.0,0.5762486695599857
02VA7287_NATURALGROCER,2025-11-13,31,45.5,45.5,0.6813186813186813,1.0,0.0,2.0,3.0,0.0,0.0,0.5751129552930137
02FL5506_SPROUTSFARMERSMARKET0649,2025-11-13,8,7.0,7.0,1.1428571428571428,1.0,3.0,3.0,3.0,0.0,0.0,0.5739624922708342
02CA8686_SPROUTSFARMERSMARKET0233,2025-11-13,9,14.0,14.0,0.6428571428571429,1.0,2.0,2.0,2.0,0.0,0.0,0.5734745679813137
02CA1740_SPROUTSFARMERSMARKET0410,2025-11-13,9,14.0,14.0,0.6428571428571429,1.0,2.0,2.0,2.0,0.0,0.0,0.5734745679813137
02ID7600_WEALTHOFHEALTH,2025-11-13,14,25.0,25.0,0.56,1.0,1.0,2.0,5.0,0.0,0.0,0.56982612433505
02CA8411_PACIFICHEALTHFOODS,2025-11-13,37,18.0,18.0,2.0555555555555554,1.0,0.0,2.0,4.0,1.0,0.0,0.568730136038626
02AR8200_OLDEFASHIONEDFOODSMARKET,2025-11-13,50,18.5,18.5,2.7027027027027026,1.0,0.0,2.0,5.0,1.0,0.0,0.5684773973746248
02TX9483_ANNSHEALTHFOODCENTER,2025-11-13,59,43.5,43.5,1.3563218390804597,1.0,0.0,2.0,3.0,0.0,0.0,0.5668573761428329
02GA0220_GOODNUTRITIONWOODSTOCK,2025-11-13,100,35.0,35.0,2.857142857142857,1.0,0.0,0.0,3.0,1.0,0.0,0.5659247728482637
02CA7778_GRASSROOTSNATURALSFOODS,2025-11-13,22,10.5,8.0,2.0952380952380953,0.7619047619047619,2.0,7.0,7.0,1.0,0.0,0.5657628835870222
02KY2470_RAINBOWBLOSSOM,2025-11-13,97,1.0,1.0,97.0,1.0,0.0,0.0,2.0,1.0,0.0,0.5634005585961674
02TX6949_PEAKNUTRITIONCENTER,2025-11-13,23,26.0,26.0,0.8846153846153846,1.0,1.0,2.0,4.0,0.0,0.0,0.5631061487584197
02PR0243_FRESHMART-CAGUAS,2025-11-13,9,115.5,42.0,0.07792207792207792,0.36363636363636365,1.0,2.0,2.0,0.0,0.0,0.5623140949960505
02CA3417_CLARKSNUTRITIONCENTER,2025-11-13,49,48.0,42.0,1.0208333333333333,0.875,0.0,1.0,4.0,0.0,0.0,0.5615822811567598
02TN3663_GOODFOODGROCERY-KINGSPORT,2025-11-13,6,37.0,37.0,0.16216216216216217,1.0,1.0,2.0,2.0,0.0,0.0,0.5586141835540206
02SD3900_STAPLESPICEMARKET,2025-11-13,7,36.0,36.0,0.19444444444444445,1.0,1.0,2.0,2.0,0.0,0.0,0.5565441683631012
02FL5224_EARTHORIGINS12,2025-11-13,14,17.0,17.0,0.8235294117647058,1.0,2.0,2.0,4.0,0.0,0.0,0.5547697897625854
02OH4244_OLYMPIAHEALTHFOODCENTER,2025-11-13,121,45.0,14.0,2.688888888888889,0.3111111111111111,0.0,0.0,2.0,1.0,0.0,0.551448961280462
02MI6630A_HARVESTHEALTHIII,2025-11-13,36,9.0,11.0,4.0,1.2222222222222223,0.0,3.0,6.0,1.0,0.0,0.5486982543277353
02CA7175_FRAZIERFARMS,2025-11-13,41,19.0,18.0,2.1578947368421053,0.9473684210526315,0.0,4.0,6.0,1.0,0.0,0.5463580274505523
02CO3525_STERLINGHEALTHFOODS,2025-11-13,21,0.0,0.0,999.0,1.0,1.0,1.0,1.0,0.0,0.0,0.5462344139953149
02VA3899_ORGANICFOODDEPOT-NORFOLK,2025-11-13,22,0.0,0.0,999.0,1.0,1.0,1.0,1.0,0.0,0.0,0.5433077222370638
02FL1868_SPROUTSFARMERSMARKET0638,2025-11-13,9,13.0,13.0,0.6923076923076923,1.0,2.0,2.0,2.0,0.0,0.0,0.5401852822072933
02GA1841_SPROUTSFARMERSMARKET530,2025-11-13,9,13.0,13.0,0.6923076923076923,1.0,2.0,2.0,2.0,0.0,0.0,0.5401852822072933
02CA1942_FRAZIERFARMS-LAMESA,2025-11-13,50,10.0,8.0,5.0,0.8,0.0,4.0,8.0,1.0,0.0,0.5381145605247627
02CA8902_CO-OPPORTUNITY,2025-11-13,64,21.0,21.0,3.0476190476190474,1.0,0.0,1.0,3.0,1.0,0.0,0.5369423775526428
02FL4377_NUTRITIONWORLD,2025-11-13,44,7.0,7.0,6.285714285714286,1.0,0.0,2.0,4.0,1.0,0.0,0.5369356945089192
02MT5823_GOODFOODSTOREINC,2025-11-13,21,10.5,10.5,2.0,1.0,1.0,5.0,5.0,0.0,0.0,0.5329488914196022
02OK1347_AKINSNATURALFOODS-BIXBY17,2025-11-13,14,38.5,7.0,0.36363636363636365,0.18181818181818182,2.0,2.0,4.0,0.0,0.0,0.5325249695317542
02MI6268_HARVESTHEALTHINC,2025-11-13,16,12.5,12.5,1.28,1.0,1.0,2.0,7.0,0.0,0.0,0.5323826748554256
02CA8881_NEWHIGHGINSENGHERBSANDTEA,2025-11-13,136,0.0,0.0,999.0,1.0,0.0,0.0,1.0,0.0,0.0,0.5308154217570805
02CA8760_SPROUTSFARMERSMARKET256,2025-11-13,10,13.0,13.0,0.7692307692307693,1.0,2.0,2.0,2.0,0.0,0.0,0.5299522900289355
02CA2865_SPROUTSFARMERSMARKET211,2025-11-13,10,13.0,13.0,0.7692307692307693,1.0,2.0,2.0,2.0,0.0,0.0,0.5299522900289355
02PR0240_FRESHMART-AGUADILLA,2025-11-13,30,10.5,7.0,2.857142857142857,0.6666666666666666,0.0,6.0,10.0,1.0,0.0,0.5298175205478924
02TX3311_NATURESTONIC,2025-11-13,64,19.0,19.0,3.3684210526315788,1.0,0.0,2.0,2.0,1.0,0.0,0.5277667837204268
02UT1616_GOODEARTH-OREM,2025-11-13,16,94.0,28.0,0.1702127659574468,0.2978723404255319,1.0,2.0,2.0,0.0,0.0,0.5277554977367328
02TX5108_SPROUTSFARMERSMARKET113,2025-11-13,8,13.0,13.0,0.6153846153846154,1.0,2.0,2.0,2.0,0.0,0.0,0.5230487875760649
02KS1586_SPROUTSFARMERSMARKET174,2025-11-13,9,12.0,12.0,0.75,1.0,2.0,2.0,2.0,0.0,0.0,0.522896953503469
02TX8016_SPROUTSFARMERSMARKET106,2025-11-13,9,12.0,12.0,0.75,1.0,2.0,2.0,2.0,0.0,0.0,0.522896953503469
02IL6166_SUNRISEHEALTHFOODS,2025-11-13,57,6.0,6.0,9.5,1.0,0.0,4.0,4.0,1.0,0.0,0.5215953349273028
02UT7444_GOODEARTH-PROVO,2025-11-13,16,0.0,0.0,999.0,1.0,1.0,1.0,1.0,0.0,0.0,0.5211118053532002
02FL6869_GRASSROOTSNATURALMARKET,2025-11-13,15,0.0,0.0,999.0,1.0,1.0,1.0,1.0,0.0,0.0,0.5206050390958008
02CA7360_SPROUTS-CHULAVISTA,2025-11-13,29,17.5,16.0,1.6571428571428573,0.9142857142857143,1.0,4.0,6.0,0.0,0.0,0.5204710771742761
02WI2352_NATURALHEALTHYCONCEPTS,2025-11-13,160,0.0,0.0,999.0,1.0,0.0,0.0,1.0,0.0,0.0,0.5204214741603852
02OR1579_SHOPNKART,2025-11-13,45,12.0,12.0,3.75,1.0,0.0,4.0,5.0,1.0,0.0,0.5201357154035668
02FL5561_FEGERSHEALTHFOODS,2025-11-13,23,47.0,47.0,0.48936170212765956,1.0,1.0,2.0,2.0,0.0,0.0,0.5175506360347595
02TX9559_NEXTGENERATIONHEALTHFOODS,2025-11-13,77,0.0,0.0,999.0,1.0,0.0,1.0,1.0,0.0,0.0,0.5172285100720534
02MO7880_THEHEALTHSTORE,2025-11-13,28,14.5,14.5,1.9310344827586208,1.0,1.0,3.0,3.0,0.0,0.0,0.5167362230063687
02UT39024_DAVESHEALTHNUTRITIONSALT,2025-11-13,7,98.5,36.0,0.07106598984771574,0.36548223350253806,1.0,2.0,2.0,0.0,0.0,0.5161863923282162
02NE1300_NONAMENUTRITION,2025-11-13,92,26.0,26.0,3.5384615384615383,1.0,0.0,0.0,2.0,1.0,0.0,0.515742657568735
02MI0568_WALTSHEALTHFOOD,2025-11-13,35,0.0,0.0,999.0,1.0,0.0,1.0,1.0,0.0,0.0,0.5156750084928826
02OR0850_SHERMSTHUNDERBIRDMARKET,2025-11-13,56,35.0,35.0,1.6,1.0,0.0,1.0,2.0,0.0,0.0,0.51348121232654
02VA1333_THESTOREHOUSEOFVIRGINIA,2025-11-13,28,0.0,0.0,999.0,1.0,1.0,1.0,1.0,0.0,0.0,0.510480196297298
02PR0235_FRESHMART-PLAZOLETA169,2025-11-13,16,7.5,8.0,2.1333333333333333,1.0666666666666667,1.0,5.0,8.0,1.0,0.0,0.510211115482375
02GA0064_SPROUTSFARMERSMARKET526,2025-11-13,10,12.0,12.0,0.8333333333333334,1.0,2.0,2.0,2.0,0.0,0.0,0.5089516168588428
02SC9575_OCEANLAKESSANDYMART,2025-11-13,10,0.0,0.0,999.0,1.0,1.0,1.0,1.0,0.0,0.0,0.5086971353976825
02SC0011_BAYNATURALS,2025-11-13,10,0.0,0.0,999.0,1.0,1.0,1.0,1.0,0.0,0.0,0.5086971353976825
02KY3008_FULLCIRCLEHEALTHFDSMKT,2025-11-13,21,15.0,21.0,1.4,1.4,1.0,1.0,6.0,0.0,0.0,0.5085780756402517
02CA0027_LASSENS-LOSFELIZ,2025-11-13,21,43.0,43.0,0.4883720930232558,1.0,1.0,2.0,2.0,0.0,0.0,0.5071439637050639
02FL0009_GRASSROOTSNATURALMARKETII,2025-11-13,44,22.0,22.0,2.0,1.0,0.0,2.0,2.0,0.0,0.0,0.5059234004744857
02OH2659_SCHLARMANSHEALTHCENTER,2025-11-13,21,0.0,0.0,999.0,1.0,1.0,1.0,1.0,0.0,0.0,0.49998893635710706
02GA0100_FEELINGREAT-BRUNSWICK,2025-11-13,14,0.0,0.0,999.0,1.0,1.0,1.0,1.0,0.0,0.0,0.4989096094271067
02CA7714_CLARKSNUTRITIONALCENTER,2025-11-13,188,0.0,0.0,0.0,1.0,0.0,0.0,0.0,0.0,0.0,0.49785361717506754
02MA0115_ACKCETERAINC,2025-11-13,190,0.0,0.0,0.0,1.0,0.0,0.0,0.0,0.0,0.0,0.49785361717506754
02IL1659_CLETASNUTRITION,2025-11-13,185,0.0,0.0,0.0,1.0,0.0,0.0,0.0,0.0,0.0,0.49785361717506754
02IL5552_FRUITFULYIELDMAILORDER,2025-11-13,190,0.0,0.0,0.0,1.0,0.0,0.0,0.0,0.0,0.0,0.49785361717506754
02MO8554_THEHERBSHOP,2025-11-13,188,0.0,0.0,0.0,1.0,0.0,0.0,0.0,0.0,0.0,0.49785361717506754
02IL6924_SUNRISEHEALTHFOODS,2025-11-13,189,0.0,0.0,0.0,1.0,0.0,0.0,0.0,0.0,0.0,0.49785361717506754
02PA6644_QUEENSNUTRITIONALPRODUCTS,2025-11-13,84,92.0,92.0,0.9130434782608695,1.0,0.0,1.0,2.0,0.0,0.0,0.49404928683106625
02IN9077_SUNFLOWERNATURALFOODS,2025-11-13,23,57.0,57.0,0.40350877192982454,1.0,1.0,2.0,2.0,0.0,0.0,0.49354509167596633
02MI8390_ZERBOSHEALTHFOODS-COM,2025-11-13,35,28.5,28.5,1.2280701754385965,1.0,0.0,2.0,3.0,0.0,0.0,0.49204734010863954
02FL5465_SPROUTSFARMERSMARKET0640,2025-11-13,10,12.0,12.0,0.8333333333333334,1.0,2.0,2.0,2.0,0.0,0.0,0.49186505583388446
02MI9459_NATURALHEALTHCENTER,2025-11-13,65,66.5,12.0,0.9774436090225563,0.18045112781954886,0.0,2.0,2.0,0.0,0.0,0.4913146632103719
02WV8910_HEALTHSMART-TEAYSVALLEY,2025-11-13,38,10.0,10.0,3.8,1.0,0.0,3.0,3.0,1.0,0.0,0.4909508490996039
02OH9945_ALLABOUTHEALTH,2025-11-13,27,0.0,0.0,999.0,1.0,1.0,1.0,1.0,0.0,0.0,0.4901403068481994
02HI0190_PAPAYASNATURALFOODS,2025-11-13,23,8.0,8.0,2.875,1.0,1.0,7.0,11.0,1.0,0.0,0.48871399845618035
02MI9684_ORYANAWEST,2025-11-13,6,50.5,50.5,0.1188118811881188,1.0,1.0,1.0,3.0,0.0,0.0,0.48870750210466946
02TX0140_CANTONHEALTHFOODS,2025-11-13,10,0.0,0.0,999.0,1.0,1.0,1.0,1.0,0.0,0.0,0.4884329608931139
02FL2179_EARTHORIGINSMARKET17,2025-11-13,14,90.5,1.0,0.15469613259668508,0.011049723756906077,2.0,2.0,2.0,0.0,0.0,0.4861246056745714
02FL4951_ABBYSHEALTHFOOD,2025-11-13,9,0.0,0.0,999.0,1.0,1.0,1.0,1.0,0.0,0.0,0.4845620217421099
02NC2518_BUSIAPPCORPORATIONDBA1UPSUPPLEMENTS,2025-11-13,16,0.0,0.0,999.0,1.0,1.0,1.0,1.0,0.0,0.0,0.4831042278478956
02TX7088_FAMILYNATURALMARKET,2025-11-13,17,0.0,0.0,999.0,1.0,1.0,1.0,1.0,0.0,0.0,0.48278949208850785
02CA3530_OLIVERSMARKETSANTAROSA,2025-11-13,27,0.0,0.0,999.0,1.0,1.0,1.0,1.0,0.0,0.0,0.4821200971547423
02MD1533_DAVIDSNATURALMARKET-GAMBRILLS,2025-11-13,120,14.0,14.0,8.571428571428571,1.0,0.0,0.0,2.0,1.0,0.0,0.481123006117117
09MS06979_FREEDOMPHARMACY,2025-11-13,13,39.5,39.5,0.3291139240506329,1.0,1.0,2.0,3.0,0.0,0.0,0.4788960423013492
02TX0541_NATURALVITAMINS-HERBS,2025-11-13,232,0.0,0.0,0.0,1.0,0.0,0.0,0.0,0.0,0.0,0.47709686243574895
02PR0682_NATURALFOODCENTER,2025-11-13,244,0.0,0.0,0.0,1.0,0.0,0.0,0.0,0.0,0.0,0.47709686243574895
02VA8018_HEALTHTRAIL,2025-11-13,232,0.0,0.0,0.0,1.0,0.0,0.0,0.0,0.0,0.0,0.47709686243574895
02MD2360_HERBALINFUSION,2025-11-13,234,0.0,0.0,0.0,1.0,0.0,0.0,0.0,0.0,0.0,0.47709686243574895
02IL7732_DISCOUNTNUTRITIONCENTER,2025-11-13,248,0.0,0.0,0.0,1.0,0.0,0.0,0.0,0.0,0.0,0.47709686243574895
02WV7998_EDITHSHEALTHPRODUCTS,2025-11-13,253,0.0,0.0,0.0,1.0,0.0,0.0,0.0,0.0,0.0,0.47709686243574895
02IL6236_KANKAKEENATURALFOODS,2025-11-13,20,9.0,9.0,2.2222222222222223,1.0,2.0,2.0,2.0,1.0,0.0,0.47572382000074415
02UT4804_DIXIENUTRITION-HURRICANE,2025-11-13,49,15.0,15.0,3.2666666666666666,1.0,0.0,3.0,3.0,1.0,0.0,0.4753985028815344
02CA5356_SPROUTSFARMERSMARKET440,2025-11-13,17,6.0,6.0,2.8333333333333335,1.0,2.0,2.0,2.0,1.0,0.0,0.4746923825293505
02OK1347_CHAMBERLINSMARKETLAKEWOODRANCHLWR11,2025-11-13,15,0.0,0.0,999.0,1.0,1.0,1.0,1.0,0.0,0.0,0.47183556055428233
02FL8995_FOODFORTHOUGHT-SEBRING,2025-11-13,49,91.0,29.0,0.5384615384615384,0.31868131868131866,0.0,2.0,2.0,0.0,0.0,0.46975385889859117
02CA3680_SPROUTSFARMERSMARKET251,2025-11-13,14,9.0,9.0,1.5555555555555556,1.0,2.0,2.0,2.0,0.0,0.0,0.46963987461692186
02GA9999_FARMERSNATURALFOODS,2025-11-13,14,13.0,13.0,1.0769230769230769,1.0,2.0,2.0,2.0,0.0,0.0,0.4680095335485309
02TX5574_FRESHPLUSGROCERY2,2025-11-13,100,15.0,15.0,6.666666666666667,1.0,0.0,0.0,2.0,1.0,0.0,0.46799741960903035
02FL1112_PEGGYSDISCOUNT,2025-11-13,30,0.0,0.0,999.0,1.0,0.0,1.0,1.0,0.0,0.0,0.466697352261958
02MA7097_HEALTHYADDITIONS,2025-11-13,21,42.0,28.0,0.5,0.6666666666666666,1.0,3.0,3.0,0.0,0.0,0.4654508325426447
02NE2460_REDCLOVERMARKET,2025-11-13,65,62.0,112.0,1.0483870967741935,1.8064516129032258,0.0,1.0,2.0,0.0,0.0,0.46484050811761607
02CA7123_OLIVERSMARKETSANTAROSA,2025-11-13,21,38.0,38.0,0.5526315789473685,1.0,1.0,2.0,3.0,0.0,0.0,0.4645156909589264
02CA9501_OLIVERSMARKET,2025-11-13,14,0.0,0.0,999.0,1.0,1.0,1.0,1.0,0.0,0.0,0.4644356202498024
02CA0773_THEWHOLEWHEATERY,2025-11-13,63,27.0,27.0,2.3333333333333335,1.0,0.0,1.0,4.0,1.0,0.0,0.4632924386621912
02IL0940_JDMILLSNATURALFOODSVITA,2025-11-13,62,108.5,73.0,0.5714285714285714,0.6728110599078341,0.0,1.0,2.0,0.0,0.0,0.4628667825258126
02IN7025_ATNATURESDOOR,2025-11-13,71,0.0,0.0,999.0,1.0,0.0,1.0,1.0,0.0,0.0,0.45255865135295786
02TX6624_VITAMINPLUS230,2025-11-13,27,36.5,36.5,0.7397260273972602,1.0,1.0,2.0,3.0,0.0,0.0,0.4523508806320148
02FL2666_MMVITAMINS,2025-11-13,38,0.0,0.0,999.0,1.0,0.0,1.0,1.0,0.0,0.0,0.4500386309017651
02CA7394_VITAMINADVENTURE,2025-11-13,49,34.0,34.0,1.4411764705882353,1.0,0.0,2.0,4.0,0.0,0.0,0.44881660916865485
02PA3000_NATURESGARDENNATURALFOODS,2025-11-13,16,0.0,0.0,999.0,1.0,1.0,1.0,1.0,0.0,0.0,0.44859066408391896
02FL2667_COMMUNITYCOOPMARKET,2025-11-13,17,0.0,0.0,999.0,1.0,1.0,1.0,1.0,0.0,0.0,0.44575894670697885
02FL7002_DEBBIESHEALTHFOODSINC,2025-11-13,15,42.0,42.0,0.35714285714285715,1.0,1.0,2.0,3.0,0.0,0.0,0.44543759848958936
02IL3490A_FRUITFULYIELD-BATAVIA,2025-11-13,213,0.0,0.0,0.0,1.0,0.0,0.0,0.0,0.0,0.0,0.44444094172518533
02IL0651_FRUITFULYIELD-NAPPERVILLE,2025-11-13,202,0.0,0.0,0.0,1.0,0.0,0.0,0.0,0.0,0.0,0.44444094172518533
02NC2224_EARTHHEART,2025-11-13,215,0.0,0.0,0.0,1.0,0.0,0.0,0.0,0.0,0.0,0.44444094172518533
02IA8124_NUTRITIONOUTLET,2025-11-13,204,0.0,0.0,0.0,1.0,0.0,0.0,0.0,0.0,0.0,0.44444094172518533
02GA5513_GOODNUTRITIONMARIETTA,2025-11-13,213,0.0,0.0,0.0,1.0,0.0,0.0,0.0,0.0,0.0,0.44444094172518533
02CO4995_ABUNDANTLIFE,2025-11-13,217,0.0,0.0,0.0,1.0,0.0,0.0,0.0,0.0,0.0,0.44444094172518533
02FL1200_LOCATELHEALTHWELLNESS,2025-11-13,198,0.0,0.0,0.0,1.0,0.0,0.0,0.0,0.0,0.0,0.44444094172518533
02KS1088_GREENACRES-WICHITA,2025-11-13,226,0.0,0.0,0.0,1.0,0.0,0.0,0.0,0.0,0.0,0.44444094172518533
02OH1515_HEALTHFOODCTROFYOUNGSTOWN,2025-11-13,202,0.0,0.0,0.0,1.0,0.0,0.0,0.0,0.0,0.0,0.44444094172518533
02AL4796_ENTERPRISEHEALTHFOODS,2025-11-13,225,0.0,0.0,0.0,1.0,0.0,0.0,0.0,0.0,0.0,0.44444094172518533
02CA1806_SANTAROSACOMMUNITYMARKET,2025-11-13,199,0.0,0.0,0.0,1.0,0.0,0.0,0.0,0.0,0.0,0.44444094172518533
02CA5633_FELTONNUTRITION,2025-11-13,226,0.0,0.0,0.0,1.0,0.0,0.0,0.0,0.0,0.0,0.44444094172518533
02TX6093_NATURESTOUCH,2025-11-13,212,0.0,0.0,0.0,1.0,0.0,0.0,0.0,0.0,0.0,0.44444094172518533
02FL5086_DISCOUNTHEALTHFOODS,2025-11-13,76,17.0,17.0,4.470588235294118,1.0,0.0,1.0,2.0,1.0,0.0,0.4443840896315119
02IL8240_FRUITFULYIELD-JOLIET,2025-11-13,65,69.0,69.0,0.9420289855072463,1.0,0.0,1.0,2.0,0.0,0.0,0.44394610152592656
02NJ1021_NATURALHEALTH,2025-11-13,16,41.5,41.5,0.3855421686746988,1.0,1.0,2.0,3.0,0.0,0.0,0.4437369757304346
02CA3202_HARVESTHEALTHFOODS,2025-11-13,77,59.0,59.0,1.305084745762712,1.0,0.0,1.0,2.0,0.0,0.0,0.44030523516325226
02WI3050_THENATURALWAY,2025-11-13,6,0.0,0.0,999.0,1.0,1.0,1.0,1.0,0.0,0.0,0.43869243529732954
02SD4947A_NATURALABUNDANCEFOODCO-OP,2025-11-13,6,0.0,0.0,999.0,1.0,1.0,1.0,1.0,0.0,0.0,0.43869243529732954
02NC0224_HEALTHCONNECTION,2025-11-13,6,0.0,0.0,999.0,1.0,1.0,1.0,1.0,0.0,0.0,0.43869243529732954
02WA2400A_BEEMSNUTRITIONCENTERS,2025-11-13,6,0.0,0.0,999.0,1.0,1.0,1.0,1.0,0.0,0.0,0.43869243529732954
02WA9006_GARDENSPOTMARKET,2025-11-13,6,0.0,0.0,999.0,1.0,1.0,1.0,1.0,0.0,0.0,0.43869243529732954
02WA3830_GOODHEALTHNUTRITIONCENTER,2025-11-13,6,0.0,0.0,999.0,1.0,1.0,1.0,1.0,0.0,0.0,0.43869243529732954
02MI8585_REBEKAHSHEALTHNUT-LAPEER,2025-11-13,6,0.0,0.0,999.0,1.0,1.0,1.0,1.0,0.0,0.0,0.43869243529732954
02CA4930_SSPRODUCENATURALFOODS,2025-11-13,6,0.0,0.0,999.0,1.0,1.0,1.0,1.0,0.0,0.0,0.43869243529732954
02LA9910_OURDAILYBREAD,2025-11-13,6,0.0,0.0,999.0,1.0,1.0,1.0,1.0,0.0,0.0,0.43869243529732954
02AZ8224_BEEHEALTHE,2025-11-13,6,0.0,0.0,999.0,1.0,1.0,1.0,1.0,0.0,0.0,0.43869243529732954
02IL6365_NATURALGOURMET,2025-11-13,6,0.0,0.0,999.0,1.0,1.0,1.0,1.0,0.0,0.0,0.43869243529732954
02IN0715_NATURESCUPBOARD-APPLEVALLEY,2025-11-13,6,0.0,0.0,999.0,1.0,1.0,1.0,1.0,0.0,0.0,0.43869243529732954
02TX5044_CORNUCOPIA,2025-11-13,6,0.0,0.0,999.0,1.0,1.0,1.0,1.0,0.0,0.0,0.43869243529732954
02TX8469_VILLAGEFOODS,2025-11-13,6,0.0,0.0,999.0,1.0,1.0,1.0,1.0,0.0,0.0,0.43869243529732954
02TX5237_ANNSHEALTHFOOD,2025-11-13,6,0.0,0.0,999.0,1.0,1.0,1.0,1.0,0.0,0.0,0.43869243529732954
02ID5284_NATURESNOOK,2025-11-13,6,0.0,0.0,999.0,1.0,1.0,1.0,1.0,0.0,0.0,0.43869243529732954
02PA7707_ESSENCEOFHEALTH,2025-11-13,6,0.0,0.0,999.0,1.0,1.0,1.0,1.0,0.0,0.0,0.43869243529732954
02PA3524_NATURESWAY,2025-11-13,6,0.0,0.0,999.0,1.0,1.0,1.0,1.0,0.0,0.0,0.43869243529732954
02NJ7328_GREENSNATURALFOODS-SHREWBURY,2025-11-13,70,0.0,0.0,999.0,1.0,0.0,1.0,1.0,0.0,0.0,0.4376300840502966
02IN4717_SUNSPOTKOKOMO,2025-11-13,142,0.0,0.0,999.0,1.0,0.0,0.0,1.0,0.0,0.0,0.4360773807024727
02AZ1511A_SPROUTSFARMERSMARKET14,2025-11-13,13,10.0,10.0,1.3,1.0,2.0,2.0,2.0,0.0,0.0,0.43493184145268676
02CA5669_CONESHEALTHFOODS,2025-11-13,41,0.0,0.0,999.0,1.0,0.0,1.0,1.0,0.0,0.0,0.4342378881549539
02MD6471_HEALTHYTIPS,2025-11-13,64,33.0,33.0,1.9393939393939394,1.0,0.0,1.0,2.0,0.0,0.0,0.43310133305208676
02FL2900B_GULFCOASTNUTRITION,2025-11-13,44,0.0,0.0,999.0,1.0,0.0,1.0,1.0,0.0,0.0,0.4324424672103656
02UT0233_GOODEARTH-AMERICANFORK,2025-11-13,15,0.0,0.0,999.0,1.0,1.0,1.0,1.0,0.0,0.0,0.4319108439514344
02CA6434A_SPROUTS-CHULAVISTAEASTLAKE,2025-11-13,44,18.5,18.5,2.3783783783783785,1.0,0.0,3.0,5.0,1.0,0.0,0.4288436026628128
02UT0305_SHIRLYNSNATURALFOODS,2025-11-13,7,0.0,0.0,999.0,1.0,1.0,1.0,1.0,0.0,0.0,0.42832980444319146
02UT1118_SHIRLYNSNATURALFOODS,2025-11-13,7,0.0,0.0,999.0,1.0,1.0,1.0,1.0,0.0,0.0,0.42832980444319146
02CA4916_PACIFICMARKET,2025-11-13,7,0.0,0.0,999.0,1.0,1.0,1.0,1.0,0.0,0.0,0.42832980444319146
02OK8609_BILLIESHEALTHFOODCENTER,2025-11-13,7,0.0,0.0,999.0,1.0,1.0,1.0,1.0,0.0,0.0,0.42832980444319146
02NC1960_SHIPTO,2025-11-13,7,0.0,0.0,999.0,1.0,1.0,1.0,1.0,0.0,0.0,0.42832980444319146
02OR0252_FARMERSMARKET,2025-11-13,7,0.0,0.0,999.0,1.0,1.0,1.0,1.0,0.0,0.0,0.42832980444319146
02WY95994_EVESGARDEN,2025-11-13,7,0.0,0.0,999.0,1.0,1.0,1.0,1.0,0.0,0.0,0.42832980444319146
02WY9266A_WYOMINGNATURALHEALTHFOODS,2025-11-13,7,0.0,0.0,999.0,1.0,1.0,1.0,1.0,0.0,0.0,0.42832980444319146
02PA3825_SONNEWALDNATURALFOODS,2025-11-13,7,0.0,0.0,999.0,1.0,1.0,1.0,1.0,0.0,0.0,0.42832980444319146
02WA6282_BUSHELSLLC,2025-11-13,7,0.0,0.0,999.0,1.0,1.0,1.0,1.0,0.0,0.0,0.42832980444319146
02NM1991_TAOSHERBCOMPANY,2025-11-13,7,0.0,0.0,999.0,1.0,1.0,1.0,1.0,0.0,0.0,0.42832980444319146
02WA6056_SUNNYFARMSSUPPLEMENTS,2025-11-13,7,0.0,0.0,999.0,1.0,1.0,1.0,1.0,0.0,0.0,0.42832980444319146
02PA6100_PENNHERBCO-DECATUR,2025-11-13,167,0.0,0.0,999.0,1.0,0.0,0.0,1.0,0.0,0.0,0.42827973619046694
02NV9297_PUREHEALTHFOODS,2025-11-13,42,0.0,0.0,999.0,1.0,0.0,1.0,1.0,0.0,0.0,0.42517259743811747
02OK0877_MARTHASHEALTHFOODSHERBS,2025-11-13,177,0.0,0.0,999.0,1.0,0.0,0.0,1.0,0.0,0.0,0.4248336541697089
02CA5738_GREENSNUTRITION,2025-11-13,38,0.0,0.0,999.0,1.0,0.0,1.0,1.0,0.0,0.0,0.42311273756131434
02AK8910_RAINCOUNTRYMARKET,2025-11-13,8,0.0,0.0,999.0,1.0,1.0,1.0,1.0,0.0,0.0,0.42241396266334447
02CA4017_RAINBOWBRIDGENATURAL,2025-11-13,7,0.0,0.0,999.0,1.0,1.0,1.0,1.0,0.0,0.0,0.42189357384209364
02IL0100_FRUITFULYIELD-SELGIN,2025-11-13,6,0.0,0.0,999.0,1.0,1.0,1.0,1.0,0.0,0.0,0.4218395218287965
02AL2050_NATURESAPOTHECARY,2025-11-13,50,0.0,0.0,999.0,1.0,0.0,1.0,1.0,0.0,0.0,0.42167381793963515
02TX1681_HARMONEYHEALTHFOODSHOPPE,2025-11-13,7,0.0,0.0,999.0,1.0,1.0,1.0,1.0,0.0,0.0,0.4216579417949584
02CA0026_LASSENSNATURALFOODS-ECHO,2025-11-13,13,0.0,0.0,999.0,1.0,1.0,1.0,1.0,0.0,0.0,0.4209368407289537
02IL1755_KUDUSHEALTHFOODS,2025-11-13,164,0.0,0.0,999.0,1.0,0.0,0.0,1.0,0.0,0.0,0.4208884839244918
02TX8771_NUTRI-CENTRENATURALFOODS,2025-11-13,31,101.0,61.0,0.3069306930693069,0.6039603960396039,0.0,1.0,2.0,0.0,0.0,0.41879625425052036
02TX7728_GARDENVILLEHEALTHFOODS,2025-11-13,31,101.0,61.0,0.3069306930693069,0.6039603960396039,0.0,1.0,2.0,0.0,0.0,0.41879625425052036
02IL9098_FRUITFULYIELDS-ADDISON,2025-11-13,7,0.0,0.0,999.0,1.0,1.0,1.0,1.0,0.0,0.0,0.4173403069360925
02IN3709_GOODEARTHNATURALFOODSTORE,2025-11-13,280,0.0,0.0,0.0,1.0,0.0,0.0,0.0,0.0,0.0,0.41528187250125825
09IN32220_NATURALBODYBALANCE,2025-11-13,258,0.0,0.0,0.0,1.0,0.0,0.0,0.0,0.0,0.0,0.41528187250125825
02OR4251_WYNANTSFAMILYHEALTHFOODS,2025-11-13,280,0.0,0.0,0.0,1.0,0.0,0.0,0.0,0.0,0.0,0.41528187250125825
02CA5710_SPROUTSFARMERSMARKET0467,2025-11-13,16,7.0,7.0,2.2857142857142856,1.0,2.0,2.0,2.0,1.0,0.0,0.4147901553471107
02NY1613A_GREENGROCER,2025-11-13,21,21.0,21.0,1.0,1.0,1.0,2.0,2.0,0.0,0.0,0.4124759029448817
02NC1808_FEELINGGREATHEALTHYMKTPLAC,2025-11-13,72,0.0,0.0,999.0,1.0,0.0,1.0,1.0,0.0,0.0,0.41205593781476246
02AL8458_APPLEADAY,2025-11-13,10,10.0,10.0,1.0,1.0,2.0,2.0,2.0,0.0,0.0,0.41131829407662357
02TX7373_TRIHEALTHFOODS,2025-11-13,314,0.0,0.0,0.0,1.0,0.0,0.0,0.0,0.0,0.0,0.41024896437735575
02WI4219_NATURALLYYOURS,2025-11-13,289,0.0,0.0,0.0,1.0,0.0,0.0,0.0,0.0,0.0,0.41024896437735575
02CA4070_NATURALLYYOURS,2025-11-13,289,0.0,0.0,0.0,1.0,0.0,0.0,0.0,0.0,0.0,0.41024896437735575
02CO3273_CARLSPHARMACY,2025-11-13,147,0.0,0.0,999.0,1.0,0.0,0.0,1.0,0.0,0.0,0.4101372891041442
02CA6789A_BJSHEALTHFOODS,2025-11-13,71,0.0,0.0,999.0,1.0,0.0,1.0,1.0,0.0,0.0,0.408814945297849
02ID9730_PILGRIMSNUTRITIONCENTER07,2025-11-13,52,21.0,21.0,2.4761904761904763,1.0,0.0,2.0,4.0,1.0,0.0,0.40499890987136816
02NH9999_DOVERNATURALFOODS,2025-11-13,27,53.5,53.5,0.5046728971962616,1.0,1.0,1.0,3.0,0.0,0.0,0.4048271189199851
02MI5250_NATURESMARKET,2025-11-13,85,58.0,58.0,1.4655172413793103,1.0,0.0,1.0,2.0,0.0,0.0,0.40412591394098407
02CA8787_ARTESIANNATURALFOODS,2025-11-13,13,38.0,38.0,0.34210526315789475,1.0,1.0,2.0,2.0,0.0,0.0,0.402191738234162
02WY1700_MOUNTAINHIGHHEALTHFOODS,2025-11-13,10,0.0,0.0,999.0,1.0,1.0,1.0,1.0,0.0,0.0,0.40208852392321065
02OH7772_HEALTHYALTERNATIVES,2025-11-13,30,0.0,0.0,999.0,1.0,0.0,1.0,1.0,0.0,0.0,0.4015131742268408
02KS7337_NATURALFOODCENTERINC,2025-11-13,76,0.0,0.0,999.0,1.0,0.0,1.0,1.0,0.0,0.0,0.4008959741933659
02IL6466_COUNTRYNUTRITIONINC,2025-11-13,55,0.0,0.0,999.0,1.0,0.0,1.0,1.0,0.0,0.0,0.3977571890633385
02OH9055_QUALITYHEALTHFOODS,2025-11-13,38,0.0,0.0,999.0,1.0,0.0,1.0,1.0,0.0,0.0,0.39768962596579116
02MI8191_ORGANICFOODVITAMINCENTER,2025-11-13,169,0.0,0.0,999.0,1.0,0.0,0.0,1.0,0.0,0.0,0.39410125303192034
02FL2144_FLORIDAHEALTHFOODS1,2025-11-13,28,0.0,0.0,999.0,1.0,1.0,1.0,1.0,0.0,0.0,0.39368850891145774
02CA5111_HIGHCOUNTRYHEALTHFOODS,2025-11-13,56,0.0,0.0,999.0,1.0,0.0,1.0,1.0,0.0,0.0,0.3911937607111827
02NV9027_DIXIENUTRITION-MESQUITE,2025-11-13,140,0.0,0.0,999.0,1.0,0.0,0.0,1.0,0.0,0.0,0.3904215703999418
02SC3222_VITALITYHEALTHFOOD,2025-11-13,35,0.0,0.0,999.0,1.0,0.0,1.0,1.0,0.0,0.0,0.3874301406776049
02OH4990_SUSANSNATURALWORLD,2025-11-13,119,0.0,0.0,999.0,1.0,0.0,0.0,1.0,0.0,0.0,0.3873207552377061
02NC3777_HALLELUJAHNATURALFOODS,2025-11-13,7,0.0,0.0,999.0,1.0,1.0,1.0,1.0,0.0,0.0,0.3864811534288161
02ND4200_NEWWAYHEALTH,2025-11-13,55,0.0,0.0,999.0,1.0,0.0,1.0,1.0,0.0,0.0,0.38596604890671343
02ND5820_HUGOS8,2025-11-13,55,0.0,0.0,999.0,1.0,0.0,1.0,1.0,0.0,0.0,0.38596604890671343
02TX1371_ABNERSNUTRITIONCENTER,2025-11-13,34,0.0,0.0,999.0,1.0,0.0,1.0,1.0,0.0,0.0,0.38333256948326266
02OR8525_SHERMSTHUNDERBIRDMARKET,2025-11-13,44,0.0,0.0,999.0,1.0,0.0,1.0,1.0,0.0,0.0,0.38263445612948294
02AK1444_NATURALPANTRY2,2025-11-13,7,71.0,104.0,0.09859154929577464,1.4647887323943662,1.0,1.0,2.0,0.0,0.0,0.3803786221473216
02OR8482_WHITESTONEVITAMINHEALTHCE,2025-11-13,105,0.0,0.0,999.0,1.0,0.0,0.0,1.0,0.0,0.0,0.37918493098130873
02OK1347_CHAMBERLINSMARKETALTAMONTE10,2025-11-13,8,7.0,7.0,1.1428571428571428,1.0,2.0,2.0,2.0,0.0,0.0,0.3788199685859163
02TX0444_SPROUTSFARMERSMARKET127,2025-11-13,21,0.0,0.0,999.0,1.0,1.0,1.0,1.0,0.0,0.0,0.3766031269076834
02TX2954_SPROUTSFARMERSMARKET150,2025-11-13,21,0.0,0.0,999.0,1.0,1.0,1.0,1.0,0.0,0.0,0.3766031269076834
02TX6063_SPROUTSFARMERSMARKET143,2025-11-13,21,0.0,0.0,999.0,1.0,1.0,1.0,1.0,0.0,0.0,0.3766031269076834
02TX6109_SPROUTSFARMERSMARKET114,2025-11-13,21,0.0,0.0,999.0,1.0,1.0,1.0,1.0,0.0,0.0,0.3766031269076834
02TX6116_SPROUTSFARMERSMARKET144,2025-11-13,21,0.0,0.0,999.0,1.0,1.0,1.0,1.0,0.0,0.0,0.3766031269076834
02TX6210A_SPROUTSFARMERSMARKET0148,2025-11-13,21,0.0,0.0,999.0,1.0,1.0,1.0,1.0,0.0,0.0,0.3766031269076834
02TX6313_SPROUTSFARMERSMARKET117,2025-11-13,21,0.0,0.0,999.0,1.0,1.0,1.0,1.0,0.0,0.0,0.3766031269076834
02TX2937_SPROUTSFARMERSMARKET126,2025-11-13,21,0.0,0.0,999.0,1.0,1.0,1.0,1.0,0.0,0.0,0.3766031269076834
02GA3009_SPROUTSFARMERSMARKET513,2025-11-13,21,0.0,0.0,999.0,1.0,1.0,1.0,1.0,0.0,0.0,0.3766031269076834
02TX2850_SPROUTSFARMERSMARKET119,2025-11-13,21,0.0,0.0,999.0,1.0,1.0,1.0,1.0,0.0,0.0,0.3766031269076834
02TX7007_SPROUTSFARMERSMARKET136,2025-11-13,21,0.0,0.0,999.0,1.0,1.0,1.0,1.0,0.0,0.0,0.3766031269076834
02TX2204_SPROUTSFARMERSMARKET125,2025-11-13,21,0.0,0.0,999.0,1.0,1.0,1.0,1.0,0.0,0.0,0.3766031269076834
02TX2202_SPROUTSFARMERSMARKET131,2025-11-13,21,0.0,0.0,999.0,1.0,1.0,1.0,1.0,0.0,0.0,0.3766031269076834
02TX0386_SPROUTSFARMERSMARKET145,2025-11-13,21,0.0,0.0,999.0,1.0,1.0,1.0,1.0,0.0,0.0,0.3766031269076834
02TX6054_SPROUTSFARMERSMARKET142,2025-11-13,21,0.0,0.0,999.0,1.0,1.0,1.0,1.0,0.0,0.0,0.3766031269076834
02TX3380_SPROUTSFARMERSMARKET0120,2025-11-13,21,0.0,0.0,999.0,1.0,1.0,1.0,1.0,0.0,0.0,0.3766031269076834
02TX7024_SPROUTSFARMERSMARKET134,2025-11-13,21,0.0,0.0,999.0,1.0,1.0,1.0,1.0,0.0,0.0,0.3766031269076834
02TX3822A_SPROUTSFARMERSMARKET123,2025-11-13,21,0.0,0.0,999.0,1.0,1.0,1.0,1.0,0.0,0.0,0.3766031269076834
02TX6017_SPROUTSFARMERSMARKET140,2025-11-13,21,0.0,0.0,999.0,1.0,1.0,1.0,1.0,0.0,0.0,0.3766031269076834
02TX5648_SPROUTSFARMERSMARKET0162,2025-11-13,21,0.0,0.0,999.0,1.0,1.0,1.0,1.0,0.0,0.0,0.3766031269076834
02TX5388_SPROUTSFARMERSMARKET121,2025-11-13,21,0.0,0.0,999.0,1.0,1.0,1.0,1.0,0.0,0.0,0.3766031269076834
02TX0004_SPROUTSFARMERSMARKET130,2025-11-13,21,0.0,0.0,999.0,1.0,1.0,1.0,1.0,0.0,0.0,0.3766031269076834
02TX4770_SPROUTSFARMERSMARKET107,2025-11-13,21,0.0,0.0,999.0,1.0,1.0,1.0,1.0,0.0,0.0,0.3766031269076834
02TX0105_SPROUTSFARMERSMARKET105,2025-11-13,21,0.0,0.0,999.0,1.0,1.0,1.0,1.0,0.0,0.0,0.3766031269076834
02TX5033_SPROUTSFARMERSMARKET0151,2025-11-13,21,0.0,0.0,999.0,1.0,1.0,1.0,1.0,0.0,0.0,0.3766031269076834
02TX4900_SPROUTSFARMERSMARKET124,2025-11-13,21,0.0,0.0,999.0,1.0,1.0,1.0,1.0,0.0,0.0,0.3766031269076834
02TX5016_SPROUTSFARMERSMARKET159,2025-11-13,21,0.0,0.0,999.0,1.0,1.0,1.0,1.0,0.0,0.0,0.3766031269076834
02TX5000A_SPROUTSFARMERSMARKET132,2025-11-13,21,0.0,0.0,999.0,1.0,1.0,1.0,1.0,0.0,0.0,0.3766031269076834
02TX5010_SPROUTSFARMERSMARKET115,2025-11-13,21,0.0,0.0,999.0,1.0,1.0,1.0,1.0,0.0,0.0,0.3766031269076834
02TX2045_SPROUTSFARMERSMARKET0155,2025-11-13,21,0.0,0.0,999.0,1.0,1.0,1.0,1.0,0.0,0.0,0.3766031269076834
02TX7380_SPROUTSFARMERSMARKET102,2025-11-13,21,0.0,0.0,999.0,1.0,1.0,1.0,1.0,0.0,0.0,0.3766031269076834
02TX7379_SPROUTSFARMERSMARKET139,2025-11-13,21,0.0,0.0,999.0,1.0,1.0,1.0,1.0,0.0,0.0,0.3766031269076834
02KS7314_SPROUTSFARMERSMARKET173,2025-11-13,21,0.0,0.0,999.0,1.0,1.0,1.0,1.0,0.0,0.0,0.3766031269076834
02TX0574_SPROUTSFARMERSMARKET103,2025-11-13,21,0.0,0.0,999.0,1.0,1.0,1.0,1.0,0.0,0.0,0.3766031269076834
02TX1118_SPROUTSFARMERSMARKET0157,2025-11-13,21,0.0,0.0,999.0,1.0,1.0,1.0,1.0,0.0,0.0,0.3766031269076834
02TX1135_SPROUTSFARMERSMARKET135,2025-11-13,21,0.0,0.0,999.0,1.0,1.0,1.0,1.0,0.0,0.0,0.3766031269076834
02TX1164_SPROUTSFARMERSMARKET0164,2025-11-13,21,0.0,0.0,999.0,1.0,1.0,1.0,1.0,0.0,0.0,0.3766031269076834
02TX1168_LOC_bd5f3f7f8d7f,2025-11-13,21,0.0,0.0,999.0,1.0,1.0,1.0,1.0,0.0,0.0,0.3766031269076834
02AL2808_SPROUTSFARMERSMARKET0482,2025-11-13,21,0.0,0.0,999.0,1.0,1.0,1.0,1.0,0.0,0.0,0.3766031269076834
02AL5244_SPROUTSFARMERSMARKET480,2025-11-13,21,0.0,0.0,999.0,1.0,1.0,1.0,1.0,0.0,0.0,0.3766031269076834
02AL5758_SPROUTSFARMERSMARKET481,2025-11-13,21,0.0,0.0,999.0,1.0,1.0,1.0,1.0,0.0,0.0,0.3766031269076834
02TX1169_LOC_59c26eefcdbe,2025-11-13,21,0.0,0.0,999.0,1.0,1.0,1.0,1.0,0.0,0.0,0.3766031269076834
02TX9925_SPROUTSFARMERSMARKET153,2025-11-13,21,0.0,0.0,999.0,1.0,1.0,1.0,1.0,0.0,0.0,0.3766031269076834
02TX5013_SPROUTSFARMERSMARKET0147,2025-11-13,21,0.0,0.0,999.0,1.0,1.0,1.0,1.0,0.0,0.0,0.3766031269076834
02TX8759_SPROUTSFARMERSMARKET112,2025-11-13,21,0.0,0.0,999.0,1.0,1.0,1.0,1.0,0.0,0.0,0.3766031269076834
02KS6207_SPROUTSFARMERSMARKET176,2025-11-13,21,0.0,0.0,999.0,1.0,1.0,1.0,1.0,0.0,0.0,0.3766031269076834
02TX8681_SPROUTSFARMERSMARKET110,2025-11-13,21,0.0,0.0,999.0,1.0,1.0,1.0,1.0,0.0,0.0,0.3766031269076834
02TX8613A_SPROUTSFARMERSMARKET138,2025-11-13,21,0.0,0.0,999.0,1.0,1.0,1.0,1.0,0.0,0.0,0.3766031269076834
02TX8166_SPROUTSFARMERSMARKET0149,2025-11-13,21,0.0,0.0,999.0,1.0,1.0,1.0,1.0,0.0,0.0,0.3766031269076834
02TX8121_SPROUTSFARMERSMARKET118,2025-11-13,21,0.0,0.0,999.0,1.0,1.0,1.0,1.0,0.0,0.0,0.3766031269076834
02TX8051_SPROUTSFARMERSMARKET108,2025-11-13,21,0.0,0.0,999.0,1.0,1.0,1.0,1.0,0.0,0.0,0.3766031269076834
02TX7758_SPROUTSFARMERSMARKET137,2025-11-13,21,0.0,0.0,999.0,1.0,1.0,1.0,1.0,0.0,0.0,0.3766031269076834
02TX7609_SPROUTSFARMERSMARKET104,2025-11-13,21,0.0,0.0,999.0,1.0,1.0,1.0,1.0,0.0,0.0,0.3766031269076834
02TX7579_SPROUTSFARMERSMARKET0167,2025-11-13,21,0.0,0.0,999.0,1.0,1.0,1.0,1.0,0.0,0.0,0.3766031269076834
02TX7507_SPROUTSFARMERSMARKET128,2025-11-13,21,0.0,0.0,999.0,1.0,1.0,1.0,1.0,0.0,0.0,0.3766031269076834
02GA0045_SPROUTSFARMERSMARKET512,2025-11-13,21,0.0,0.0,999.0,1.0,1.0,1.0,1.0,0.0,0.0,0.3766031269076834
02OH1668_CBYHEALTHFOOD,2025-11-13,65,37.0,37.0,1.7567567567567568,1.0,0.0,1.0,3.0,0.0,0.0,0.37606701242201757
02CA0220_HEALTHUNLIMITED,2025-11-13,176,0.0,0.0,999.0,1.0,0.0,0.0,1.0,0.0,0.0,0.3757706731613322
02IL7614_FRUITFULYIELD-DARIEN,2025-11-13,177,0.0,0.0,999.0,1.0,0.0,0.0,1.0,0.0,0.0,0.37573177034399047
02MI1209_LUCKYSNATURALFOODS,2025-11-13,27,0.0,0.0,999.0,1.0,1.0,1.0,1.0,0.0,0.0,0.37568912165892143
02MA3219_NATURALSHOPAKAORGANICNATURALSHOP,2025-11-13,149,0.0,0.0,999.0,1.0,0.0,0.0,1.0,0.0,0.0,0.37529796443094554
02IL0461_POLSONSNATURALFOODS,2025-11-13,70,0.0,0.0,999.0,1.0,0.0,1.0,1.0,0.0,0.0,0.373695068639195
02GA1252_GOODNUTRITIONGAINESVILLE,2025-11-13,66,0.0,0.0,999.0,1.0,0.0,1.0,1.0,0.0,0.0,0.3734695320745537
02NC8602_DRHERBSNATURALFOODSTORE,2025-11-13,8,0.0,0.0,999.0,1.0,1.0,1.0,1.0,0.0,0.0,0.3731528766747801
02KY2064_MATTOONSVILLAGEPANTRY,2025-11-13,118,0.0,0.0,999.0,1.0,0.0,0.0,1.0,0.0,0.0,0.37305364531832763
02AZ6494_SIERRAVISTAVITAMINS,2025-11-13,50,0.0,0.0,999.0,1.0,0.0,1.0,1.0,0.0,0.0,0.3704292231418354
02MI2307_HEALTHHUT,2025-11-13,84,0.0,0.0,999.0,1.0,0.0,1.0,1.0,0.0,0.0,0.3703118812273737
02ME3348_AXISNATURALFOODS,2025-11-13,111,0.0,0.0,999.0,1.0,0.0,0.0,1.0,0.0,0.0,0.36934727032860404
02GA1566_ACTNATURALHEALTHFOODS,2025-11-13,28,0.0,0.0,999.0,1.0,1.0,1.0,1.0,0.0,0.0,0.36860261202453065
02NJ3400_COLONIANATURALPHARMACY,2025-11-13,141,0.0,0.0,999.0,1.0,0.0,0.0,1.0,0.0,0.0,0.36816826018286086
02AL0644_FAIRHOPEHEALTHFOODS,2025-11-13,59,0.0,0.0,999.0,1.0,0.0,1.0,1.0,0.0,0.0,0.36814463777784456
02CA0023_HERBSOFMEXICOINC,2025-11-13,122,0.0,0.0,999.0,1.0,0.0,0.0,1.0,0.0,0.0,0.367403861528247
02NJ9355_AUNTDEBBIESHEALTHFOOD,2025-11-13,36,0.0,0.0,999.0,1.0,0.0,1.0,1.0,0.0,0.0,0.36651749824819563
02MT6969_MONTANAHARVESTNATURALFOODS,2025-11-13,22,0.0,0.0,999.0,1.0,1.0,1.0,1.0,0.0,0.0,0.3663456076871279
02LA9788_SUNSHINEHEALTHFOODS-BOSSIE,2025-11-13,20,0.0,0.0,999.0,1.0,1.0,1.0,1.0,0.0,0.0,0.3646282849530244
02AL8333_LOC_2586895cc521,2025-11-13,34,0.0,0.0,999.0,1.0,0.0,1.0,1.0,0.0,0.0,0.362780846703021
02FL0489_THEHERBSHOP,2025-11-13,106,0.0,0.0,999.0,1.0,0.0,0.0,1.0,0.0,0.0,0.35731837824941864
02NJ3637_NATURESNUTRITION,2025-11-13,59,0.0,0.0,999.0,1.0,0.0,1.0,1.0,0.0,0.0,0.3561020854285582
02NC8786_MTMANNUTRITION,2025-11-13,34,0.0,0.0,999.0,1.0,0.0,1.0,1.0,0.0,0.0,0.35530722327706576
02UT3447_DIXIENUTRITION-STGEORGE,2025-11-13,49,0.0,0.0,999.0,1.0,0.0,1.0,1.0,0.0,0.0,0.35513652617625513
02SC7700_GARNERSNATURALLIFEOFCOLUMB,2025-11-13,114,0.0,0.0,999.0,1.0,0.0,0.0,1.0,0.0,0.0,0.35384183695034127
02MI0191_ORYANAFOODCO-OP,2025-11-13,44,13.5,13.5,3.259259259259259,1.0,0.0,3.0,3.0,1.0,0.0,0.35361992861773595
02HI0185_LOC_e9da38370df0,2025-11-13,64,0.0,0.0,999.0,1.0,0.0,1.0,1.0,0.0,0.0,0.35236583042532493
02UT4889_DIXIENUTRITION-CEDARCITY,2025-11-13,16,0.0,0.0,999.0,1.0,1.0,1.0,1.0,0.0,0.0,0.34990228768942755
02TX0512_VITAMINSPLUS251,2025-11-13,92,0.0,0.0,999.0,1.0,0.0,0.0,1.0,0.0,0.0,0.34768534671330187
02CA0380_LOC_ed879d58d5fc,2025-11-13,111,0.0,0.0,999.0,1.0,0.0,0.0,1.0,0.0,0.0,0.3475034101411956
02CA8973_SUNRISENATURALFOODS,2025-11-13,135,0.0,0.0,999.0,1.0,0.0,0.0,1.0,0.0,0.0,0.3474646732311566
02WV1024_MOTHEREARTH,2025-11-13,36,84.0,84.0,0.42857142857142855,1.0,0.0,1.0,2.0,0.0,0.0,0.34699774781578585
02NV9887_PURELIFE,2025-11-13,115,0.0,0.0,999.0,1.0,0.0,0.0,1.0,0.0,0.0,0.3468392478550885
02KS6223_SPROUTSFARMERSMARKET171,2025-11-13,22,0.0,0.0,999.0,1.0,1.0,1.0,1.0,0.0,0.0,0.3451905848635874
02MD2104_SPROUTSFARMERSMARKET918,2025-11-13,22,0.0,0.0,999.0,1.0,1.0,1.0,1.0,0.0,0.0,0.3451905848635874
02NJ0949_SPROUTSFARMERSMARKET949,2025-11-13,22,0.0,0.0,999.0,1.0,1.0,1.0,1.0,0.0,0.0,0.3451905848635874
02FL3596_SPROUTSFARMERSMARKET613,2025-11-13,22,0.0,0.0,999.0,1.0,1.0,1.0,1.0,0.0,0.0,0.3451905848635874
02MD1286_SPROUTSFARMERSMARKET917,2025-11-13,22,0.0,0.0,999.0,1.0,1.0,1.0,1.0,0.0,0.0,0.3451905848635874
02MD1042_SPROUTSFARMERSMARKET0916,2025-11-13,22,0.0,0.0,999.0,1.0,1.0,1.0,1.0,0.0,0.0,0.3451905848635874
02MD1030_SPROUTSFARMERSMARKET0921,2025-11-13,22,0.0,0.0,999.0,1.0,1.0,1.0,1.0,0.0,0.0,0.3451905848635874
02TN7030_SPROUTSFARMERSMARKET579,2025-11-13,22,0.0,0.0,999.0,1.0,1.0,1.0,1.0,0.0,0.0,0.3451905848635874
02DE1817_LOC_56ce7a8df880,2025-11-13,22,0.0,0.0,999.0,1.0,1.0,1.0,1.0,0.0,0.0,0.3451905848635874
02MD0601_SPROUTSFARMERSMARKET0923,2025-11-13,22,0.0,0.0,999.0,1.0,1.0,1.0,1.0,0.0,0.0,0.3451905848635874
02TX8902_SPROUTSFARMERSMARKET101,2025-11-13,22,0.0,0.0,999.0,1.0,1.0,1.0,1.0,0.0,0.0,0.3451905848635874
02FL3294_SPROUTSFARMERSMARKET0663,2025-11-13,22,0.0,0.0,999.0,1.0,1.0,1.0,1.0,0.0,0.0,0.3451905848635874
02TN0586_LOC_1078195d4c91,2025-11-13,22,0.0,0.0,999.0,1.0,1.0,1.0,1.0,0.0,0.0,0.3451905848635874
02FL3511_SPROUTSFARMERSMARKET0635,2025-11-13,22,0.0,0.0,999.0,1.0,1.0,1.0,1.0,0.0,0.0,0.3451905848635874
02TN3469_SPROUTSFARMERSMARKET0585,2025-11-13,22,0.0,0.0,999.0,1.0,1.0,1.0,1.0,0.0,0.0,0.3451905848635874
02LA9131_SPROUTSFARMERSMARKET691,2025-11-13,22,0.0,0.0,999.0,1.0,1.0,1.0,1.0,0.0,0.0,0.3451905848635874
02FL3440_SPROUTSFARMERSMARKET0623,2025-11-13,22,0.0,0.0,999.0,1.0,1.0,1.0,1.0,0.0,0.0,0.3451905848635874
02TN0191_SPROUTSFARMERSMARKET580,2025-11-13,22,0.0,0.0,999.0,1.0,1.0,1.0,1.0,0.0,0.0,0.3451905848635874
02FL9698_SPROUTSFARMERSMARKET0629,2025-11-13,22,0.0,0.0,999.0,1.0,1.0,1.0,1.0,0.0,0.0,0.3451905848635874
02MD5882_SPROUTSFARMERSMARKET0920,2025-11-13,22,0.0,0.0,999.0,1.0,1.0,1.0,1.0,0.0,0.0,0.3451905848635874
02MD8484_SPROUTSFRAMERSMARKET0919,2025-11-13,22,0.0,0.0,999.0,1.0,1.0,1.0,1.0,0.0,0.0,0.3451905848635874
02FL2246_SPROUTSFARMERSMARKET0627,2025-11-13,22,0.0,0.0,999.0,1.0,1.0,1.0,1.0,0.0,0.0,0.3451905848635874
02PA0076_SPROUTSFARMERSMARKET854,2025-11-13,22,0.0,0.0,999.0,1.0,1.0,1.0,1.0,0.0,0.0,0.3451905848635874
02PA0602_SPROUTSFARMERSMARKET0851,2025-11-13,22,0.0,0.0,999.0,1.0,1.0,1.0,1.0,0.0,0.0,0.3451905848635874
02MO6503_SPROUTSFARMERSMARKET722,2025-11-13,22,0.0,0.0,999.0,1.0,1.0,1.0,1.0,0.0,0.0,0.3451905848635874
02PA0857A_LOC_d7424ade4024,2025-11-13,22,0.0,0.0,999.0,1.0,1.0,1.0,1.0,0.0,0.0,0.3451905848635874
02FL2925_SPROUTSFARMERSMARKET650,2025-11-13,22,0.0,0.0,999.0,1.0,1.0,1.0,1.0,0.0,0.0,0.3451905848635874
02FL3025_SPROUTSFARMERSMARKET626,2025-11-13,22,0.0,0.0,999.0,1.0,1.0,1.0,1.0,0.0,0.0,0.3451905848635874
02MO4138_SPROUTSFARMERSMARKET721,2025-11-13,22,0.0,0.0,999.0,1.0,1.0,1.0,1.0,0.0,0.0,0.3451905848635874
02MO4086_SPROUTSFARMERSMARKET723,2025-11-13,22,0.0,0.0,999.0,1.0,1.0,1.0,1.0,0.0,0.0,0.3451905848635874
02PA0859_SPROUTSFARMERSMARKET859,2025-11-13,22,0.0,0.0,999.0,1.0,1.0,1.0,1.0,0.0,0.0,0.3451905848635874
02PA1912_SPROUTSFARMERSMARKET853,2025-11-13,22,0.0,0.0,999.0,1.0,1.0,1.0,1.0,0.0,0.0,0.3451905848635874
02FL3133_SPROUTSFARMERSMARKET0656,2025-11-13,22,0.0,0.0,999.0,1.0,1.0,1.0,1.0,0.0,0.0,0.3451905848635874
02PA9147_SPROUTSFARMERSMARKET850,2025-11-13,22,0.0,0.0,999.0,1.0,1.0,1.0,1.0,0.0,0.0,0.3451905848635874
02PA9365_SPROUTSFARMERSMARKET0855,2025-11-13,22,0.0,0.0,999.0,1.0,1.0,1.0,1.0,0.0,0.0,0.3451905848635874
02FL3146_SPROUTSFARMERSMARKET636,2025-11-13,22,0.0,0.0,999.0,1.0,1.0,1.0,1.0,0.0,0.0,0.3451905848635874
02SC0565_SPROUTSFARMERSMARKET0565,2025-11-13,22,0.0,0.0,999.0,1.0,1.0,1.0,1.0,0.0,0.0,0.3451905848635874
02NJ8228_SPROUTSFARMERSMARKET945,2025-11-13,22,0.0,0.0,999.0,1.0,1.0,1.0,1.0,0.0,0.0,0.3451905848635874
02NJ7721_SPROUTSFARMERSMARKET947,2025-11-13,22,0.0,0.0,999.0,1.0,1.0,1.0,1.0,0.0,0.0,0.3451905848635874
02SC3240_SPROUTSFARMERSMARKET563,2025-11-13,22,0.0,0.0,999.0,1.0,1.0,1.0,1.0,0.0,0.0,0.3451905848635874
02NJ3642_SPROUTSFARMERSMARKET0946,2025-11-13,22,0.0,0.0,999.0,1.0,1.0,1.0,1.0,0.0,0.0,0.3451905848635874
02VA7930_SPROUTSFARMERSMARKET0886,2025-11-13,22,0.0,0.0,999.0,1.0,1.0,1.0,1.0,0.0,0.0,0.3451905848635874
02VA3539_SPROUTSFARMERSMARKET0887,2025-11-13,22,0.0,0.0,999.0,1.0,1.0,1.0,1.0,0.0,0.0,0.3451905848635874
02VA0888_SPROUTSFARMERSMARKET0888,2025-11-13,22,0.0,0.0,999.0,1.0,1.0,1.0,1.0,0.0,0.0,0.3451905848635874
02DE2344_SPROUTSFARMERSMARKET0816,2025-11-13,22,0.0,0.0,999.0,1.0,1.0,1.0,1.0,0.0,0.0,0.3451905848635874
02FL3290_SPROUTSFARMERSMARKET657,2025-11-13,22,0.0,0.0,999.0,1.0,1.0,1.0,1.0,0.0,0.0,0.3451905848635874
02FL3618_SPROUTSFARMERSMARKET0612,2025-11-13,22,0.0,0.0,999.0,1.0,1.0,1.0,1.0,0.0,0.0,0.3451905848635874
02TN7221_SPROUTSFARMERSMARKET0582,2025-11-13,22,0.0,0.0,999.0,1.0,1.0,1.0,1.0,0.0,0.0,0.3451905848635874
02FL3629_SPROUTSFARMERSMARKET0610,2025-11-13,22,0.0,0.0,999.0,1.0,1.0,1.0,1.0,0.0,0.0,0.3451905848635874
02GA9799_SPROUTSFARMERSMARKET0523,2025-11-13,22,0.0,0.0,999.0,1.0,1.0,1.0,1.0,0.0,0.0,0.3451905848635874
02FL6950_SPROUTSFARMERSMARKET0615,2025-11-13,22,0.0,0.0,999.0,1.0,1.0,1.0,1.0,0.0,0.0,0.3451905848635874
02FL6440_SPROUTSFARMERSMARKET0662,2025-11-13,22,0.0,0.0,999.0,1.0,1.0,1.0,1.0,0.0,0.0,0.3451905848635874
02FL6161_SPROUTSFARMERSMARKET618,2025-11-13,22,0.0,0.0,999.0,1.0,1.0,1.0,1.0,0.0,0.0,0.3451905848635874
02GA6528_SPROUTSFARMERSMARKET529,2025-11-13,22,0.0,0.0,999.0,1.0,1.0,1.0,1.0,0.0,0.0,0.3451905848635874
02NC5250_SPROUTSFARMERSMARKET0544,2025-11-13,22,0.0,0.0,999.0,1.0,1.0,1.0,1.0,0.0,0.0,0.3451905848635874
02GA9172_SPROUTSFARMERSMARKET521,2025-11-13,22,0.0,0.0,999.0,1.0,1.0,1.0,1.0,0.0,0.0,0.3451905848635874
02FL6070_SPROUTSFARMERSMARKET621,2025-11-13,22,0.0,0.0,999.0,1.0,1.0,1.0,1.0,0.0,0.0,0.3451905848635874
02TN7129_SPROUTSFARMERSMARKET0581,2025-11-13,22,0.0,0.0,999.0,1.0,1.0,1.0,1.0,0.0,0.0,0.3451905848635874
02FL0672_SPROUTSFARMERSMARKET0672,2025-11-13,22,0.0,0.0,999.0,1.0,1.0,1.0,1.0,0.0,0.0,0.3451905848635874
02FL6030_SPROUTSFARMERSMARKET655,2025-11-13,22,0.0,0.0,999.0,1.0,1.0,1.0,1.0,0.0,0.0,0.3451905848635874
02FL5883_SPROUTSFARMERSMARKET0654,2025-11-13,22,0.0,0.0,999.0,1.0,1.0,1.0,1.0,0.0,0.0,0.3451905848635874
02FL0671_SPROUTSFARMERSMARKET0671,2025-11-13,22,0.0,0.0,999.0,1.0,1.0,1.0,1.0,0.0,0.0,0.3451905848635874
02FL5713_SPROUTSFARMERSMARKET646,2025-11-13,22,0.0,0.0,999.0,1.0,1.0,1.0,1.0,0.0,0.0,0.3451905848635874
02TX3141_SPROUTSFARMERSMARKET0160,2025-11-13,22,0.0,0.0,999.0,1.0,1.0,1.0,1.0,0.0,0.0,0.3451905848635874
02GA2577_SPROUTSFARMERSMARKET524,2025-11-13,22,0.0,0.0,999.0,1.0,1.0,1.0,1.0,0.0,0.0,0.3451905848635874
02FL1396_SPROUTSFARMERSMARKET0653,2025-11-13,22,0.0,0.0,999.0,1.0,1.0,1.0,1.0,0.0,0.0,0.3451905848635874
02TX4011_SPROUTSFARMERSMARKET0166,2025-11-13,22,0.0,0.0,999.0,1.0,1.0,1.0,1.0,0.0,0.0,0.3451905848635874
02FL7247_SPROUTSFARMERSMARKET0641,2025-11-13,22,0.0,0.0,999.0,1.0,1.0,1.0,1.0,0.0,0.0,0.3451905848635874
02GA0907_SPROUTSFARMERSMARKET528,2025-11-13,22,0.0,0.0,999.0,1.0,1.0,1.0,1.0,0.0,0.0,0.3451905848635874
02GA0605_SPROUTSFARMERSMARKET519,2025-11-13,22,0.0,0.0,999.0,1.0,1.0,1.0,1.0,0.0,0.0,0.3451905848635874
02GA0532_LOC_bade2b44ac9b,2025-11-13,22,0.0,0.0,999.0,1.0,1.0,1.0,1.0,0.0,0.0,0.3451905848635874
02FL7840_SPROUTSFARMERSMARKET624,2025-11-13,22,0.0,0.0,999.0,1.0,1.0,1.0,1.0,0.0,0.0,0.3451905848635874
02FL1212_SPROUTSFARMERSMARKET0616,2025-11-13,22,0.0,0.0,999.0,1.0,1.0,1.0,1.0,0.0,0.0,0.3451905848635874
02GA0084_SPROUTSFARMERSMARKET0527,2025-11-13,22,0.0,0.0,999.0,1.0,1.0,1.0,1.0,0.0,0.0,0.3451905848635874
02GA0082_SPROUTSFARMERSMARKET518,2025-11-13,22,0.0,0.0,999.0,1.0,1.0,1.0,1.0,0.0,0.0,0.3451905848635874
02NC7713_SPROUTSFARMERSMARKET543,2025-11-13,22,0.0,0.0,999.0,1.0,1.0,1.0,1.0,0.0,0.0,0.3451905848635874
02GA0076_SPROUTSFARMERSMARKET520,2025-11-13,22,0.0,0.0,999.0,1.0,1.0,1.0,1.0,0.0,0.0,0.3451905848635874
02FL8604_SPROUTSFARMERSMARKET647,2025-11-13,22,0.0,0.0,999.0,1.0,1.0,1.0,1.0,0.0,0.0,0.3451905848635874
02FL9055_SPROUTSFARMERSMARKET0628,2025-11-13,22,0.0,0.0,999.0,1.0,1.0,1.0,1.0,0.0,0.0,0.3451905848635874
02GA0040A_SPROUTSFARMERSMARKET515,2025-11-13,22,0.0,0.0,999.0,1.0,1.0,1.0,1.0,0.0,0.0,0.3451905848635874
02GA0033_SPROUTSFARMERSMARKET0525,2025-11-13,22,0.0,0.0,999.0,1.0,1.0,1.0,1.0,0.0,0.0,0.3451905848635874
02FL0668_SPROUTSFARMERSMARKET0668,2025-11-13,22,0.0,0.0,999.0,1.0,1.0,1.0,1.0,0.0,0.0,0.3451905848635874
02FL0667_SPROUTSFARMERSMARKET0667,2025-11-13,22,0.0,0.0,999.0,1.0,1.0,1.0,1.0,0.0,0.0,0.3451905848635874
02FL5384_SPROUTSFARMERSMARKET631,2025-11-13,22,0.0,0.0,999.0,1.0,1.0,1.0,1.0,0.0,0.0,0.3451905848635874
02FL3948_SPROUTSFARMERSMARKET0658,2025-11-13,22,0.0,0.0,999.0,1.0,1.0,1.0,1.0,0.0,0.0,0.3451905848635874
02FL3632_SPROUTSFARMERSMARKET619,2025-11-13,22,0.0,0.0,999.0,1.0,1.0,1.0,1.0,0.0,0.0,0.3451905848635874
02GA0024_SPROUTSFARMERSMARKET,2025-11-13,22,0.0,0.0,999.0,1.0,1.0,1.0,1.0,0.0,0.0,0.3451905848635874
02FL3647_SPROUTSFARMERSMARKET630,2025-11-13,22,0.0,0.0,999.0,1.0,1.0,1.0,1.0,0.0,0.0,0.3451905848635874
02TN8002_SPROUTSFARMERSMARKET578,2025-11-13,22,0.0,0.0,999.0,1.0,1.0,1.0,1.0,0.0,0.0,0.3451905848635874
02FL0632_LOC_005c2fd01060,2025-11-13,22,0.0,0.0,999.0,1.0,1.0,1.0,1.0,0.0,0.0,0.3451905848635874
02NC8314_SPROUTSFARMERSMARKET0542,2025-11-13,22,0.0,0.0,999.0,1.0,1.0,1.0,1.0,0.0,0.0,0.3451905848635874
02FL2070_SPROUTSFARMERMARKET622,2025-11-13,22,0.0,0.0,999.0,1.0,1.0,1.0,1.0,0.0,0.0,0.3451905848635874
02FL0636_LOC_77f27dbaa3e5,2025-11-13,22,0.0,0.0,999.0,1.0,1.0,1.0,1.0,0.0,0.0,0.3451905848635874
02TX8068_SPROUTSFARMERSMARKET0161,2025-11-13,22,0.0,0.0,999.0,1.0,1.0,1.0,1.0,0.0,0.0,0.3451905848635874
02FL0637_LOC_8583f95f615f,2025-11-13,22,0.0,0.0,999.0,1.0,1.0,1.0,1.0,0.0,0.0,0.3451905848635874
02FL3824_SPROUTSFARMERSMARKET0611,2025-11-13,22,0.0,0.0,999.0,1.0,1.0,1.0,1.0,0.0,0.0,0.3451905848635874
02FL0639_LOC_842b2d92799b,2025-11-13,22,0.0,0.0,999.0,1.0,1.0,1.0,1.0,0.0,0.0,0.3451905848635874
02TX7926_SPROUTSFARMERSMARKET0158,2025-11-13,22,0.0,0.0,999.0,1.0,1.0,1.0,1.0,0.0,0.0,0.3451905848635874
02FL3918_SPROUTSFARMERSMARKET0648,2025-11-13,22,0.0,0.0,999.0,1.0,1.0,1.0,1.0,0.0,0.0,0.3451905848635874
02FL0642_LOC_0e42d14febdd,2025-11-13,22,0.0,0.0,999.0,1.0,1.0,1.0,1.0,0.0,0.0,0.3451905848635874
02NC8206_SPROUTSFARMERSMARKET0546,2025-11-13,22,0.0,0.0,999.0,1.0,1.0,1.0,1.0,0.0,0.0,0.3451905848635874
02FL0644A_LOC_9527226e6b89,2025-11-13,22,0.0,0.0,999.0,1.0,1.0,1.0,1.0,0.0,0.0,0.3451905848635874
02FL0659_SPROUTSFARMERSMARKET0659,2025-11-13,22,0.0,0.0,999.0,1.0,1.0,1.0,1.0,0.0,0.0,0.3451905848635874
02FL4062_SPROUTSFARMERSMARKET0625,2025-11-13,22,0.0,0.0,999.0,1.0,1.0,1.0,1.0,0.0,0.0,0.3451905848635874
02FL4207_SPROUTSFARMERSMARKET0645,2025-11-13,22,0.0,0.0,999.0,1.0,1.0,1.0,1.0,0.0,0.0,0.3451905848635874
02FL4238_SPROUTSFARMERSMARKET0614,2025-11-13,22,0.0,0.0,999.0,1.0,1.0,1.0,1.0,0.0,0.0,0.3451905848635874
02NC2761_SPROUTSFARMERSMARKET0540,2025-11-13,22,0.0,0.0,999.0,1.0,1.0,1.0,1.0,0.0,0.0,0.3451905848635874
02FL2032_SPROUTSFARMERSMARKET0634,2025-11-13,22,0.0,0.0,999.0,1.0,1.0,1.0,1.0,0.0,0.0,0.3451905848635874
02NC3010_SPROUTSFARMERSMARKET541,2025-11-13,22,0.0,0.0,999.0,1.0,1.0,1.0,1.0,0.0,0.0,0.3451905848635874
02FL0660_LOC_fba9ac84759b,2025-11-13,22,0.0,0.0,999.0,1.0,1.0,1.0,1.0,0.0,0.0,0.3451905848635874
02FL0661_LOC_14e8097ccc57,2025-11-13,22,0.0,0.0,999.0,1.0,1.0,1.0,1.0,0.0,0.0,0.3451905848635874
02FL4690_SPROUTSFARMERSMARKET0651,2025-11-13,22,0.0,0.0,999.0,1.0,1.0,1.0,1.0,0.0,0.0,0.3451905848635874
02NC3968_SPROUTSFARMERSMARKET0564,2025-11-13,22,0.0,0.0,999.0,1.0,1.0,1.0,1.0,0.0,0.0,0.3451905848635874
02FL0664_SPROUTSFARMERSMARKET0664,2025-11-13,22,0.0,0.0,999.0,1.0,1.0,1.0,1.0,0.0,0.0,0.3451905848635874
02TX7316_SPROUTSFARMERSMARKET0163,2025-11-13,22,0.0,0.0,999.0,1.0,1.0,1.0,1.0,0.0,0.0,0.3451905848635874
02FL8129_SPROUTSFARMERSMARKET0643,2025-11-13,22,0.0,0.0,999.0,1.0,1.0,1.0,1.0,0.0,0.0,0.3451905848635874
GNCF2340_GNC2340,2025-11-13,14,37.0,37.0,0.3783783783783784,1.0,1.0,2.0,2.0,0.0,0.0,0.3442773368951977
03VEGGIE_DLPORCUREMENTANDFORWARDING,2025-11-13,48,0.0,0.0,999.0,1.0,0.0,1.0,1.0,0.0,0.0,0.34243235981652376
02FL4848_SUNSHINEHEALTHFOODS,2025-11-13,99,0.0,0.0,999.0,1.0,0.0,0.0,1.0,0.0,0.0,0.34215277180100545
02CA7696_LASSENSHEALTHFOODS,2025-11-13,28,0.0,0.0,999.0,1.0,1.0,1.0,1.0,0.0,0.0,0.34167635105016514
02ID7238_THENUTRITIONCENTER,2025-11-13,98,0.0,0.0,999.0,1.0,0.0,0.0,1.0,0.0,0.0,0.34147537029382136
02FL3316_PLUMMARKET,2025-11-13,114,0.0,0.0,999.0,1.0,0.0,0.0,1.0,0.0,0.0,0.34131691005656234
02FL2169_NUTRICOSTHEATHSNATURALFOODS,2025-11-13,134,0.0,0.0,999.0,1.0,0.0,0.0,1.0,0.0,0.0,0.34056810650593483
02MI5908_NATURALFOODPATCH,2025-11-13,105,0.0,0.0,999.0,1.0,0.0,0.0,1.0,0.0,0.0,0.3405435483417393
02OK1347_AKINSNATURALFOODSNEWPORT4,2025-11-13,14,6.0,6.0,2.3333333333333335,1.0,2.0,2.0,2.0,1.0,0.0,0.3383148595544045
02CA2000B_SPROUTSFARMERSMARKET263,2025-11-13,23,0.0,0.0,999.0,1.0,1.0,1.0,1.0,0.0,0.0,0.33567150169993015
02CA1999_SPROUTSFARMERSMARKET237,2025-11-13,23,0.0,0.0,999.0,1.0,1.0,1.0,1.0,0.0,0.0,0.33567150169993015
02CA1306_SPROUTS469VICTORVILLECA,2025-11-13,23,0.0,0.0,999.0,1.0,1.0,1.0,1.0,0.0,0.0,0.33567150169993015
02CA2060_SPROUTSFARMERSMARKET206,2025-11-13,23,0.0,0.0,999.0,1.0,1.0,1.0,1.0,0.0,0.0,0.33567150169993015
02CA1307_SPROUTSFARMERSMARKET272,2025-11-13,23,0.0,0.0,999.0,1.0,1.0,1.0,1.0,0.0,0.0,0.33567150169993015
02CA1317_SPROUTSFARMERSMARKET443,2025-11-13,23,0.0,0.0,999.0,1.0,1.0,1.0,1.0,0.0,0.0,0.33567150169993015
02CA1404_LOC_73a93b811a03,2025-11-13,23,0.0,0.0,999.0,1.0,1.0,1.0,1.0,0.0,0.0,0.33567150169993015
02CA1427_LOC_cda76903462a,2025-11-13,23,0.0,0.0,999.0,1.0,1.0,1.0,1.0,0.0,0.0,0.33567150169993015
02CA1431_SPROUTSFARMERSMARKET461,2025-11-13,23,0.0,0.0,999.0,1.0,1.0,1.0,1.0,0.0,0.0,0.33567150169993015
02CA1606_SPROUTSFARMERSMARKET249,2025-11-13,23,0.0,0.0,999.0,1.0,1.0,1.0,1.0,0.0,0.0,0.33567150169993015
02CA1300_SPROUTSFARMERSMARKET223,2025-11-13,23,0.0,0.0,999.0,1.0,1.0,1.0,1.0,0.0,0.0,0.33567150169993015
02CA1750_SPROUTSFARMERSMARKET0418,2025-11-13,23,0.0,0.0,999.0,1.0,1.0,1.0,1.0,0.0,0.0,0.33567150169993015
02CA2008_SPROUTSFARMERSMARKET239,2025-11-13,23,0.0,0.0,999.0,1.0,1.0,1.0,1.0,0.0,0.0,0.33567150169993015
02CA1765_SPROUTSFARMERSMARKET0420,2025-11-13,23,0.0,0.0,999.0,1.0,1.0,1.0,1.0,0.0,0.0,0.33567150169993015
02CA1786_SPROUTSFARMERSMARKET281,2025-11-13,23,0.0,0.0,999.0,1.0,1.0,1.0,1.0,0.0,0.0,0.33567150169993015
02CA1663_SPROUTSFARMERSMARKET0466,2025-11-13,23,0.0,0.0,999.0,1.0,1.0,1.0,1.0,0.0,0.0,0.33567150169993015
02CA1233_SPROUTSFARMERSMARKET244,2025-11-13,23,0.0,0.0,999.0,1.0,1.0,1.0,1.0,0.0,0.0,0.33567150169993015
02CA1280_SPROUTSFARMERSMARKET0454,2025-11-13,23,0.0,0.0,999.0,1.0,1.0,1.0,1.0,0.0,0.0,0.33567150169993015
02CA2109_SPROUTSFARMERSMARKET264,2025-11-13,23,0.0,0.0,999.0,1.0,1.0,1.0,1.0,0.0,0.0,0.33567150169993015
02CA0703_SPROUTSFARMERSMARKET0426,2025-11-13,23,0.0,0.0,999.0,1.0,1.0,1.0,1.0,0.0,0.0,0.33567150169993015
02CA1029_SPROUTSFARMERSMARKET215,2025-11-13,23,0.0,0.0,999.0,1.0,1.0,1.0,1.0,0.0,0.0,0.33567150169993015
02CA1036_SPROUTSFARMERSMARKET296,2025-11-13,23,0.0,0.0,999.0,1.0,1.0,1.0,1.0,0.0,0.0,0.33567150169993015
02CA1049_SPROUTSFARMERSMARKET205,2025-11-13,23,0.0,0.0,999.0,1.0,1.0,1.0,1.0,0.0,0.0,0.33567150169993015
02CA1095_SPROUTSFARMERSMARKET258,2025-11-13,23,0.0,0.0,999.0,1.0,1.0,1.0,1.0,0.0,0.0,0.33567150169993015
02CA1096_SPROUTSFARMERSMARKET407,2025-11-13,23,0.0,0.0,999.0,1.0,1.0,1.0,1.0,0.0,0.0,0.33567150169993015
02CA1103_SPROUTSFARMERSMARKET261,2025-11-13,23,0.0,0.0,999.0,1.0,1.0,1.0,1.0,0.0,0.0,0.33567150169993015
02CA1107_SPROUTSFARMERSMARKET217,2025-11-13,23,0.0,0.0,999.0,1.0,1.0,1.0,1.0,0.0,0.0,0.33567150169993015
02CA1128_SPROUTSFARMERSMARKET403,2025-11-13,23,0.0,0.0,999.0,1.0,1.0,1.0,1.0,0.0,0.0,0.33567150169993015
02CA1139A_SPROUTSFARMERSMARKET212,2025-11-13,23,0.0,0.0,999.0,1.0,1.0,1.0,1.0,0.0,0.0,0.33567150169993015
02CA1159_SPROUTSFARMERSMARKET288,2025-11-13,23,0.0,0.0,999.0,1.0,1.0,1.0,1.0,0.0,0.0,0.33567150169993015
02CA1160_SPROUTSFARMERSMARKET277,2025-11-13,23,0.0,0.0,999.0,1.0,1.0,1.0,1.0,0.0,0.0,0.33567150169993015
02CA1172A_SPROUTSFARMERSMARKET221,2025-11-13,23,0.0,0.0,999.0,1.0,1.0,1.0,1.0,0.0,0.0,0.33567150169993015
02CA1172_SPROUTSFARMERSMARKET216,2025-11-13,23,0.0,0.0,999.0,1.0,1.0,1.0,1.0,0.0,0.0,0.33567150169993015
02CA1192_SPROUTSFARMERSMARKET275,2025-11-13,23,0.0,0.0,999.0,1.0,1.0,1.0,1.0,0.0,0.0,0.33567150169993015
02CA2084_SPROUTSFARMERSMARKET0435,2025-11-13,23,0.0,0.0,999.0,1.0,1.0,1.0,1.0,0.0,0.0,0.33567150169993015
02CA2141_SPROUTSFARMERSMARKET253,2025-11-13,23,0.0,0.0,999.0,1.0,1.0,1.0,1.0,0.0,0.0,0.33567150169993015
02CA2117_SPROUTSFARMERSMARKET0417,2025-11-13,23,0.0,0.0,999.0,1.0,1.0,1.0,1.0,0.0,0.0,0.33567150169993015
02CA3612A_SPROUTSFARMERSMARKET405,2025-11-13,23,0.0,0.0,999.0,1.0,1.0,1.0,1.0,0.0,0.0,0.33567150169993015
02CA3720_SPROUTSFARMERSMARKET273,2025-11-13,23,0.0,0.0,999.0,1.0,1.0,1.0,1.0,0.0,0.0,0.33567150169993015
02CA3755_SPROUTSFARMERSMARKET0419,2025-11-13,23,0.0,0.0,999.0,1.0,1.0,1.0,1.0,0.0,0.0,0.33567150169993015
02CA3969_SPROUTSFARMERSMARKET208,2025-11-13,23,0.0,0.0,999.0,1.0,1.0,1.0,1.0,0.0,0.0,0.33567150169993015
02CA3970A_SPROUTSFARMERSMARKET269,2025-11-13,23,0.0,0.0,999.0,1.0,1.0,1.0,1.0,0.0,0.0,0.33567150169993015
02CA4044_SPROUTSFARMERSMARKET0473,2025-11-13,23,0.0,0.0,999.0,1.0,1.0,1.0,1.0,0.0,0.0,0.33567150169993015
02CA4089A_SPROUTSFARMERSMARKET236,2025-11-13,23,0.0,0.0,999.0,1.0,1.0,1.0,1.0,0.0,0.0,0.33567150169993015
02CA4201_SPROUTSFARMERSMARKET220,2025-11-13,23,0.0,0.0,999.0,1.0,1.0,1.0,1.0,0.0,0.0,0.33567150169993015
02CA4227_SPROUTSFARMERSMARKET243,2025-11-13,23,0.0,0.0,999.0,1.0,1.0,1.0,1.0,0.0,0.0,0.33567150169993015
02CA4266_SPROUTSFARMERSMARKET0450,2025-11-13,23,0.0,0.0,999.0,1.0,1.0,1.0,1.0,0.0,0.0,0.33567150169993015
02CA4373_SPROUTSFARMERSMARKET214,2025-11-13,23,0.0,0.0,999.0,1.0,1.0,1.0,1.0,0.0,0.0,0.33567150169993015
02CA4525_448FOUNTAINVALLEYCA,2025-11-13,23,0.0,0.0,999.0,1.0,1.0,1.0,1.0,0.0,0.0,0.33567150169993015
02CA4583_SPROUTSFARMERSMARKET278,2025-11-13,23,0.0,0.0,999.0,1.0,1.0,1.0,1.0,0.0,0.0,0.33567150169993015
02CA4597_SPROUTSFARMERSMARKET,2025-11-13,23,0.0,0.0,999.0,1.0,1.0,1.0,1.0,0.0,0.0,0.33567150169993015
02CA4706A_SPROUTSFARMERSMARKET0284,2025-11-13,23,0.0,0.0,999.0,1.0,1.0,1.0,1.0,0.0,0.0,0.33567150169993015
02CA4747A_SPROUTSFARMERSMARKET224,2025-11-13,23,0.0,0.0,999.0,1.0,1.0,1.0,1.0,0.0,0.0,0.33567150169993015
02CA3640A_SPROUTSFARMERSMARKET228,2025-11-13,23,0.0,0.0,999.0,1.0,1.0,1.0,1.0,0.0,0.0,0.33567150169993015
02CA3535_SPROUTSFARMERSMARKET238,2025-11-13,23,0.0,0.0,999.0,1.0,1.0,1.0,1.0,0.0,0.0,0.33567150169993015
02CA2127_SPROUTSFARMERSMARKET0409,2025-11-13,23,0.0,0.0,999.0,1.0,1.0,1.0,1.0,0.0,0.0,0.33567150169993015
02CA3501_SPROUTS460,2025-11-13,23,0.0,0.0,999.0,1.0,1.0,1.0,1.0,0.0,0.0,0.33567150169993015
02CA2128_SPROUTSFARMERSMARKET213,2025-11-13,23,0.0,0.0,999.0,1.0,1.0,1.0,1.0,0.0,0.0,0.33567150169993015
02CA0625_SPROUTSFARMERSMARKET247,2025-11-13,23,0.0,0.0,999.0,1.0,1.0,1.0,1.0,0.0,0.0,0.33567150169993015
02CA2171_SPROUTSFARMERSMARKET285,2025-11-13,23,0.0,0.0,999.0,1.0,1.0,1.0,1.0,0.0,0.0,0.33567150169993015
02CA2400_SPROUTSFARMERSMARKET234,2025-11-13,23,0.0,0.0,999.0,1.0,1.0,1.0,1.0,0.0,0.0,0.33567150169993015
02CA2401_SPROUTSFARMERSMARKET262,2025-11-13,23,0.0,0.0,999.0,1.0,1.0,1.0,1.0,0.0,0.0,0.33567150169993015
02CA2485_SPROUTSFARMERSMARKET246,2025-11-13,23,0.0,0.0,999.0,1.0,1.0,1.0,1.0,0.0,0.0,0.33567150169993015
02CA2508_SPROUTSFARMERSMARKET210,2025-11-13,23,0.0,0.0,999.0,1.0,1.0,1.0,1.0,0.0,0.0,0.33567150169993015
02CA2545_SPROUTSFARMERSMARKET235,2025-11-13,23,0.0,0.0,999.0,1.0,1.0,1.0,1.0,0.0,0.0,0.33567150169993015
02CA2583_SPROUTSFARMERSMARKET254,2025-11-13,23,0.0,0.0,999.0,1.0,1.0,1.0,1.0,0.0,0.0,0.33567150169993015
02CA2651_SPROUTSFARMERSMARKET0459,2025-11-13,23,0.0,0.0,999.0,1.0,1.0,1.0,1.0,0.0,0.0,0.33567150169993015
02CA2841_SPROUTSFARMERSMARKET446,2025-11-13,23,0.0,0.0,999.0,1.0,1.0,1.0,1.0,0.0,0.0,0.33567150169993015
02CA3003_SPROUTSFARMERSMARKET242,2025-11-13,23,0.0,0.0,999.0,1.0,1.0,1.0,1.0,0.0,0.0,0.33567150169993015
02CA3094_SPROUTSFARMERSMARKET0423,2025-11-13,23,0.0,0.0,999.0,1.0,1.0,1.0,1.0,0.0,0.0,0.33567150169993015
02CA3117A_SPROUTSFARMERSMARKET0412,2025-11-13,23,0.0,0.0,999.0,1.0,1.0,1.0,1.0,0.0,0.0,0.33567150169993015
02CA3186_SPROUTSFARMERSMARKET463,2025-11-13,23,0.0,0.0,999.0,1.0,1.0,1.0,1.0,0.0,0.0,0.33567150169993015
02CA0631A_SPROUTSFARMERSMARKET286,2025-11-13,23,0.0,0.0,999.0,1.0,1.0,1.0,1.0,0.0,0.0,0.33567150169993015
02CA0487_SPROUTSFARMERSMARKET40487,2025-11-13,23,0.0,0.0,999.0,1.0,1.0,1.0,1.0,0.0,0.0,0.33567150169993015
02CA0490_LOC_98f8114c2d40,2025-11-13,23,0.0,0.0,999.0,1.0,1.0,1.0,1.0,0.0,0.0,0.33567150169993015
02AZ3121_SPROUTSFARMERSMARKET12,2025-11-13,23,0.0,0.0,999.0,1.0,1.0,1.0,1.0,0.0,0.0,0.33567150169993015
02AZ3213_SPROUTSFARMERSMARKET32,2025-11-13,23,0.0,0.0,999.0,1.0,1.0,1.0,1.0,0.0,0.0,0.33567150169993015
02AZ3370_SPROUTSFARMERSMARKET42,2025-11-13,23,0.0,0.0,999.0,1.0,1.0,1.0,1.0,0.0,0.0,0.33567150169993015
02AZ3620_SPROUTSFARMERSMARKET39,2025-11-13,23,0.0,0.0,999.0,1.0,1.0,1.0,1.0,0.0,0.0,0.33567150169993015
02AZ3710_SPROUTSFARMERSMARKET43,2025-11-13,23,0.0,0.0,999.0,1.0,1.0,1.0,1.0,0.0,0.0,0.33567150169993015
02AZ4177_SPROUTSFARMERSMARKET4,2025-11-13,23,0.0,0.0,999.0,1.0,1.0,1.0,1.0,0.0,0.0,0.33567150169993015
02AZ4896_SPROUTSFARMERSMARKET40,2025-11-13,23,0.0,0.0,999.0,1.0,1.0,1.0,1.0,0.0,0.0,0.33567150169993015
02AZ4900_SPROUTSFARMERSMARKET20,2025-11-13,23,0.0,0.0,999.0,1.0,1.0,1.0,1.0,0.0,0.0,0.33567150169993015
02AZ4949_SPROUTSFARMERSMARKET18,2025-11-13,23,0.0,0.0,999.0,1.0,1.0,1.0,1.0,0.0,0.0,0.33567150169993015
02AZ5044_SPROUTSFARMERSMARKET16,2025-11-13,23,0.0,0.0,999.0,1.0,1.0,1.0,1.0,0.0,0.0,0.33567150169993015
02AZ5139_SPROUTSFARMERSMARKET45,2025-11-13,23,0.0,0.0,999.0,1.0,1.0,1.0,1.0,0.0,0.0,0.33567150169993015
02AZ5204_SPROUTSFARMERSMARKET34,2025-11-13,23,0.0,0.0,999.0,1.0,1.0,1.0,1.0,0.0,0.0,0.33567150169993015
02AZ5215_SPROUTSFARMERSMARKET37,2025-11-13,23,0.0,0.0,999.0,1.0,1.0,1.0,1.0,0.0,0.0,0.33567150169993015
02AZ5255_SPROUTSFARMERSMARKET29,2025-11-13,23,0.0,0.0,999.0,1.0,1.0,1.0,1.0,0.0,0.0,0.33567150169993015
02AZ5310_SPROUTSFARMERSMARKET27,2025-11-13,23,0.0,0.0,999.0,1.0,1.0,1.0,1.0,0.0,0.0,0.33567150169993015
02AZ5331_SPROUTSFARMERSMARKET44,2025-11-13,23,0.0,0.0,999.0,1.0,1.0,1.0,1.0,0.0,0.0,0.33567150169993015
02AZ3131_SPROUTSFARMERSMARKET8,2025-11-13,23,0.0,0.0,999.0,1.0,1.0,1.0,1.0,0.0,0.0,0.33567150169993015
02AZ2700_SPROUTSFARMERSMARKET15,2025-11-13,23,0.0,0.0,999.0,1.0,1.0,1.0,1.0,0.0,0.0,0.33567150169993015
02AZ5383_SPROUTSFARMERSMARKET31,2025-11-13,23,0.0,0.0,999.0,1.0,1.0,1.0,1.0,0.0,0.0,0.33567150169993015
02WA8012_SPROUTSFARMERSMARKET456,2025-11-13,23,0.0,0.0,999.0,1.0,1.0,1.0,1.0,0.0,0.0,0.33567150169993015
02ca6471_SPROUTSFARMERSMARKET0452,2025-11-13,23,0.0,0.0,999.0,1.0,1.0,1.0,1.0,0.0,0.0,0.33567150169993015
02AZ0290_SPROUTSFARMERSMARKET0047,2025-11-13,23,0.0,0.0,999.0,1.0,1.0,1.0,1.0,0.0,0.0,0.33567150169993015
02AZ0304_SPROUTSFARMERSMARKET0048,2025-11-13,23,0.0,0.0,999.0,1.0,1.0,1.0,1.0,0.0,0.0,0.33567150169993015
02AZ0800_SPROUTSFARMERSMARKET5,2025-11-13,23,0.0,0.0,999.0,1.0,1.0,1.0,1.0,0.0,0.0,0.33567150169993015
02WY0338_SPROUTSFARMERSMARKET0338,2025-11-13,23,0.0,0.0,999.0,1.0,1.0,1.0,1.0,0.0,0.0,0.33567150169993015
02AZ1049_SPROUTSFARMERSMARKET0049,2025-11-13,23,0.0,0.0,999.0,1.0,1.0,1.0,1.0,0.0,0.0,0.33567150169993015
02AZ1111_SPROUTSFARMERSMARKET6,2025-11-13,23,0.0,0.0,999.0,1.0,1.0,1.0,1.0,0.0,0.0,0.33567150169993015
02AZ1320A_SPROUTSFARMERSMARKET23,2025-11-13,23,0.0,0.0,999.0,1.0,1.0,1.0,1.0,0.0,0.0,0.33567150169993015
02AZ1320_SPROUTSFARMERSMARKET24,2025-11-13,23,0.0,0.0,999.0,1.0,1.0,1.0,1.0,0.0,0.0,0.33567150169993015
02AZ1358_SPROUTSFARMERSMARKET0046,2025-11-13,23,0.0,0.0,999.0,1.0,1.0,1.0,1.0,0.0,0.0,0.33567150169993015
02AZ1787_SPROUTSFARMERSMARKET21,2025-11-13,23,0.0,0.0,999.0,1.0,1.0,1.0,1.0,0.0,0.0,0.33567150169993015
02AZ2150_SPROUTSFARMERSMARKET17,2025-11-13,23,0.0,0.0,999.0,1.0,1.0,1.0,1.0,0.0,0.0,0.33567150169993015
02WA8383_SPROUTSFARMERSMARKET458,2025-11-13,23,0.0,0.0,999.0,1.0,1.0,1.0,1.0,0.0,0.0,0.33567150169993015
02WA8133_SPROUTSFARMERSMARKET0457,2025-11-13,23,0.0,0.0,999.0,1.0,1.0,1.0,1.0,0.0,0.0,0.33567150169993015
02AZ2650_SPROUTSFARMERSMARKET41,2025-11-13,23,0.0,0.0,999.0,1.0,1.0,1.0,1.0,0.0,0.0,0.33567150169993015
02AZ5364_SPROUTSFARMERSMARKET0035,2025-11-13,23,0.0,0.0,999.0,1.0,1.0,1.0,1.0,0.0,0.0,0.33567150169993015
02AZ5446_SPROUTSFARMERSMARKET11,2025-11-13,23,0.0,0.0,999.0,1.0,1.0,1.0,1.0,0.0,0.0,0.33567150169993015
02CA0489_LOC_495626f70ac9,2025-11-13,23,0.0,0.0,999.0,1.0,1.0,1.0,1.0,0.0,0.0,0.33567150169993015
02AZ9665A_SPROUTSFARMERSMARKET2,2025-11-13,23,0.0,0.0,999.0,1.0,1.0,1.0,1.0,0.0,0.0,0.33567150169993015
02CA0210_SPROUTSFARMERSMARKET430,2025-11-13,23,0.0,0.0,999.0,1.0,1.0,1.0,1.0,0.0,0.0,0.33567150169993015
02CA0218_SPROUTSFARMERSMARKET218,2025-11-13,23,0.0,0.0,999.0,1.0,1.0,1.0,1.0,0.0,0.0,0.33567150169993015
02CA0356_SPROUTSFARMERSMARKET441,2025-11-13,23,0.0,0.0,999.0,1.0,1.0,1.0,1.0,0.0,0.0,0.33567150169993015
02CA0406_LOC_f56bfc982107,2025-11-13,23,0.0,0.0,999.0,1.0,1.0,1.0,1.0,0.0,0.0,0.33567150169993015
02CA0411_LOC_97079dab062f,2025-11-13,23,0.0,0.0,999.0,1.0,1.0,1.0,1.0,0.0,0.0,0.33567150169993015
02CA0413_LOC_563fccabb4bf,2025-11-13,23,0.0,0.0,999.0,1.0,1.0,1.0,1.0,0.0,0.0,0.33567150169993015
02CA0434_LOC_f807f684b6fb,2025-11-13,23,0.0,0.0,999.0,1.0,1.0,1.0,1.0,0.0,0.0,0.33567150169993015
02CA0440_SPROUTSFARMERSMARKET241,2025-11-13,23,0.0,0.0,999.0,1.0,1.0,1.0,1.0,0.0,0.0,0.33567150169993015
02CA0449_LOC_889e9c7c08d9,2025-11-13,23,0.0,0.0,999.0,1.0,1.0,1.0,1.0,0.0,0.0,0.33567150169993015
02CA0474A_SPROUTSFARMERSMARKET0474,2025-11-13,23,0.0,0.0,999.0,1.0,1.0,1.0,1.0,0.0,0.0,0.33567150169993015
02CA0474_SPROUTSFARMERSMARKET464,2025-11-13,23,0.0,0.0,999.0,1.0,1.0,1.0,1.0,0.0,0.0,0.33567150169993015
02CA0475_LOC_cb2542fb42e7,2025-11-13,23,0.0,0.0,999.0,1.0,1.0,1.0,1.0,0.0,0.0,0.33567150169993015
02CA0476_SPROUTSFARMERSMARKET0476,2025-11-13,23,0.0,0.0,999.0,1.0,1.0,1.0,1.0,0.0,0.0,0.33567150169993015
02CA0477_SPROUTSFARMERSMARKET0477,2025-11-13,23,0.0,0.0,999.0,1.0,1.0,1.0,1.0,0.0,0.0,0.33567150169993015
02CA5006_SPROUTSFARMERSMARKET232,2025-11-13,23,0.0,0.0,999.0,1.0,1.0,1.0,1.0,0.0,0.0,0.33567150169993015
02CA0087_SPROUTSFARMERSMARKET248,2025-11-13,23,0.0,0.0,999.0,1.0,1.0,1.0,1.0,0.0,0.0,0.33567150169993015
02AZ8995_SPROUTSFARMERSMARKET33,2025-11-13,23,0.0,0.0,999.0,1.0,1.0,1.0,1.0,0.0,0.0,0.33567150169993015
02AZ6000A_SPROUTSFARMERSMARKET26,2025-11-13,23,0.0,0.0,999.0,1.0,1.0,1.0,1.0,0.0,0.0,0.33567150169993015
02AZ8989_SPROUTSFARMERSMARKET13,2025-11-13,23,0.0,0.0,999.0,1.0,1.0,1.0,1.0,0.0,0.0,0.33567150169993015
02UT4117_SPROUTSFARMERSMARKET604,2025-11-13,23,0.0,0.0,999.0,1.0,1.0,1.0,1.0,0.0,0.0,0.33567150169993015
02UT4107_SPROUTSFARMERSMARKET601,2025-11-13,23,0.0,0.0,999.0,1.0,1.0,1.0,1.0,0.0,0.0,0.33567150169993015
02UT4095_SPROUTSFARMERSMARKET605,2025-11-13,23,0.0,0.0,999.0,1.0,1.0,1.0,1.0,0.0,0.0,0.33567150169993015
02AZ6001_SPROUTSFARMERSMARKET19,2025-11-13,23,0.0,0.0,999.0,1.0,1.0,1.0,1.0,0.0,0.0,0.33567150169993015
02AZ6058_SPROUTSFARMERSMARKET051,2025-11-13,23,0.0,0.0,999.0,1.0,1.0,1.0,1.0,0.0,0.0,0.33567150169993015
02UT2111_SPROUTSFARMERSMARKET603,2025-11-13,23,0.0,0.0,999.0,1.0,1.0,1.0,1.0,0.0,0.0,0.33567150169993015
02AZ6112_SPROUTSFARMERSMARKET22,2025-11-13,23,0.0,0.0,999.0,1.0,1.0,1.0,1.0,0.0,0.0,0.33567150169993015
02UT1501_SPROUTSFARMERSMARKET602,2025-11-13,23,0.0,0.0,999.0,1.0,1.0,1.0,1.0,0.0,0.0,0.33567150169993015
02AZ6130_SPROUTSFARMERSMARKET7,2025-11-13,23,0.0,0.0,999.0,1.0,1.0,1.0,1.0,0.0,0.0,0.33567150169993015
02AZ6301_SPROUTSFARMERSMARKET0036,2025-11-13,23,0.0,0.0,999.0,1.0,1.0,1.0,1.0,0.0,0.0,0.33567150169993015
02AZ6945A_SPROUTSFARMERSMARKET9,2025-11-13,23,0.0,0.0,999.0,1.0,1.0,1.0,1.0,0.0,0.0,0.33567150169993015
02AZ7040_SPROUTSFARMERSMARKET38,2025-11-13,23,0.0,0.0,999.0,1.0,1.0,1.0,1.0,0.0,0.0,0.33567150169993015
02AZ7849_SPROUTSFARMERSMARKET10,2025-11-13,23,0.0,0.0,999.0,1.0,1.0,1.0,1.0,0.0,0.0,0.33567150169993015
02AZ8000A_SPROUTSFARMERSMARKET28,2025-11-13,23,0.0,0.0,999.0,1.0,1.0,1.0,1.0,0.0,0.0,0.33567150169993015
02AZ8522_SPROUTSFARMERSMARKET1,2025-11-13,23,0.0,0.0,999.0,1.0,1.0,1.0,1.0,0.0,0.0,0.33567150169993015
02CA4952_SPROUTSFARMERSMARKET274,2025-11-13,23,0.0,0.0,999.0,1.0,1.0,1.0,1.0,0.0,0.0,0.33567150169993015
02CA4560_SPROUTSFARMERSMARKET0424,2025-11-13,23,0.0,0.0,999.0,1.0,1.0,1.0,1.0,0.0,0.0,0.33567150169993015
02CA5034_SPROUTSFARMERSMARKET478,2025-11-13,23,0.0,0.0,999.0,1.0,1.0,1.0,1.0,0.0,0.0,0.33567150169993015
02NV8901_SPROUTSFARMERSMARKET0562,2025-11-13,23,0.0,0.0,999.0,1.0,1.0,1.0,1.0,0.0,0.0,0.33567150169993015
02NV0650_SPROUTSFARMERSMARKET501,2025-11-13,23,0.0,0.0,999.0,1.0,1.0,1.0,1.0,0.0,0.0,0.33567150169993015
02NV1055_SPROUTSFARMERSMARKET0508,2025-11-13,23,0.0,0.0,999.0,1.0,1.0,1.0,1.0,0.0,0.0,0.33567150169993015
02CO0538_SPROUTSFARMERSMARKET0330,2025-11-13,23,0.0,0.0,999.0,1.0,1.0,1.0,1.0,0.0,0.0,0.33567150169993015
02NV2777_SPROUTSFARMERSMARKET503,2025-11-13,23,0.0,0.0,999.0,1.0,1.0,1.0,1.0,0.0,0.0,0.33567150169993015
02NV3490_SPROUTSFARMERSMARKET558,2025-11-13,23,0.0,0.0,999.0,1.0,1.0,1.0,1.0,0.0,0.0,0.33567150169993015
02NV3830_SPROUTSFARMERSMARKET0506,2025-11-13,23,0.0,0.0,999.0,1.0,1.0,1.0,1.0,0.0,0.0,0.33567150169993015
02NV3979_SPROUTSFARMERSMARKET0560,2025-11-13,23,0.0,0.0,999.0,1.0,1.0,1.0,1.0,0.0,0.0,0.33567150169993015
02NV4330_SPROUTSFARMERSMARKET559,2025-11-13,23,0.0,0.0,999.0,1.0,1.0,1.0,1.0,0.0,0.0,0.33567150169993015
02NV4450_SPROUTSFARMERSMARKET0510,2025-11-13,23,0.0,0.0,999.0,1.0,1.0,1.0,1.0,0.0,0.0,0.33567150169993015
02NV4888_SPROUTSFARMERSMARKET502,2025-11-13,23,0.0,0.0,999.0,1.0,1.0,1.0,1.0,0.0,0.0,0.33567150169993015
02NV5060_SPROUTSFARMERSMARKET505,2025-11-13,23,0.0,0.0,999.0,1.0,1.0,1.0,1.0,0.0,0.0,0.33567150169993015
02NV6362_SPROUTSFARMERSMARKET561,2025-11-13,23,0.0,0.0,999.0,1.0,1.0,1.0,1.0,0.0,0.0,0.33567150169993015
02NV7095_SPROUTSFARMERSMARKET504,2025-11-13,23,0.0,0.0,999.0,1.0,1.0,1.0,1.0,0.0,0.0,0.33567150169993015
02CO0528_SPROUTSFARMERSMARKET303,2025-11-13,23,0.0,0.0,999.0,1.0,1.0,1.0,1.0,0.0,0.0,0.33567150169993015
02CO0337_SPROUTSFARMERSMARKET0337,2025-11-13,23,0.0,0.0,999.0,1.0,1.0,1.0,1.0,0.0,0.0,0.33567150169993015
02CA9282_SPROUTSFARMERSMARKET209,2025-11-13,23,0.0,0.0,999.0,1.0,1.0,1.0,1.0,0.0,0.0,0.33567150169993015
02NV9123_SPROUTSFARMERSMARKET0509,2025-11-13,23,0.0,0.0,999.0,1.0,1.0,1.0,1.0,0.0,0.0,0.33567150169993015
02NV9128_SPROUTSFARMERSMARKET507,2025-11-13,23,0.0,0.0,999.0,1.0,1.0,1.0,1.0,0.0,0.0,0.33567150169993015
02CA5242_SPROUTSFARMERSMARKET431,2025-11-13,23,0.0,0.0,999.0,1.0,1.0,1.0,1.0,0.0,0.0,0.33567150169993015
02CO0303_SPROUTSFARMERSMARKET304,2025-11-13,23,0.0,0.0,999.0,1.0,1.0,1.0,1.0,0.0,0.0,0.33567150169993015
02CO0124_SPROUTSFARMERSMARKET309,2025-11-13,23,0.0,0.0,999.0,1.0,1.0,1.0,1.0,0.0,0.0,0.33567150169993015
02CO0111_SPROUTSFARMERSMARKET317,2025-11-13,23,0.0,0.0,999.0,1.0,1.0,1.0,1.0,0.0,0.0,0.33567150169993015
02CO0108_SPROUTSFARMERSMARKET307,2025-11-13,23,0.0,0.0,999.0,1.0,1.0,1.0,1.0,0.0,0.0,0.33567150169993015
02CO0033_SPROUTSFARMERSMARKET326,2025-11-13,23,0.0,0.0,999.0,1.0,1.0,1.0,1.0,0.0,0.0,0.33567150169993015
02CO0015_SPROUTSFARMERSMARKET306,2025-11-13,23,0.0,0.0,999.0,1.0,1.0,1.0,1.0,0.0,0.0,0.33567150169993015
02CO0010_SPROUTSFARMERSMARKET305,2025-11-13,23,0.0,0.0,999.0,1.0,1.0,1.0,1.0,0.0,0.0,0.33567150169993015
02CA9999B_SPROUTSFARMERSMARKET240,2025-11-13,23,0.0,0.0,999.0,1.0,1.0,1.0,1.0,0.0,0.0,0.33567150169993015
02CA9787_SPROUTSFARMERSMARKET438,2025-11-13,23,0.0,0.0,999.0,1.0,1.0,1.0,1.0,0.0,0.0,0.33567150169993015
02CA9595_SPROUTSFARMERSMARKET230,2025-11-13,23,0.0,0.0,999.0,1.0,1.0,1.0,1.0,0.0,0.0,0.33567150169993015
02CA9561_SPROUTSFARMERSMARKET207,2025-11-13,23,0.0,0.0,999.0,1.0,1.0,1.0,1.0,0.0,0.0,0.33567150169993015
02NV0210_SPROUTSFARMERSMARKET511,2025-11-13,23,0.0,0.0,999.0,1.0,1.0,1.0,1.0,0.0,0.0,0.33567150169993015
02NM8712_SPROUTSFARMERSMARKET708,2025-11-13,23,0.0,0.0,999.0,1.0,1.0,1.0,1.0,0.0,0.0,0.33567150169993015
02NM7900_SPROUTSFARMERSMARKET701,2025-11-13,23,0.0,0.0,999.0,1.0,1.0,1.0,1.0,0.0,0.0,0.33567150169993015
02NM7123_SPROUTSFARMERSMARKET707,2025-11-13,23,0.0,0.0,999.0,1.0,1.0,1.0,1.0,0.0,0.0,0.33567150169993015
02CO8890_SPROUTSFARMERSMARKET313,2025-11-13,23,0.0,0.0,999.0,1.0,1.0,1.0,1.0,0.0,0.0,0.33567150169993015
02CO8684_SPROUTSFARMERSMARKET302,2025-11-13,23,0.0,0.0,999.0,1.0,1.0,1.0,1.0,0.0,0.0,0.33567150169993015
02CO8003_SPROUTSFARMERSMARKET316,2025-11-13,23,0.0,0.0,999.0,1.0,1.0,1.0,1.0,0.0,0.0,0.33567150169993015
02CO6595_SPROUTSFARMERSMARKET325,2025-11-13,23,0.0,0.0,999.0,1.0,1.0,1.0,1.0,0.0,0.0,0.33567150169993015
02CO6422_SPROUTSFARMERSMARKET0334,2025-11-13,23,0.0,0.0,999.0,1.0,1.0,1.0,1.0,0.0,0.0,0.33567150169993015
02CO5026_SPROUTSFARMERSMARKET335,2025-11-13,23,0.0,0.0,999.0,1.0,1.0,1.0,1.0,0.0,0.0,0.33567150169993015
02CO4828_SPROUTSFARMERSMARKET310,2025-11-13,23,0.0,0.0,999.0,1.0,1.0,1.0,1.0,0.0,0.0,0.33567150169993015
02CO4700_SPROUTSFARMERSMARKET314,2025-11-13,23,0.0,0.0,999.0,1.0,1.0,1.0,1.0,0.0,0.0,0.33567150169993015
02CO4570_SPROUTSFARMERSMARKET0333,2025-11-13,23,0.0,0.0,999.0,1.0,1.0,1.0,1.0,0.0,0.0,0.33567150169993015
02CO4405_SPROUTSFARMERSMARKET0332,2025-11-13,23,0.0,0.0,999.0,1.0,1.0,1.0,1.0,0.0,0.0,0.33567150169993015
02CO4400_SPROUTSFARMERSMARKET315,2025-11-13,23,0.0,0.0,999.0,1.0,1.0,1.0,1.0,0.0,0.0,0.33567150169993015
02CO4205_SPROUTSFARMERSMARKET322,2025-11-13,23,0.0,0.0,999.0,1.0,1.0,1.0,1.0,0.0,0.0,0.33567150169993015
02CO4124_SPROUTSFARMERSMARKET323,2025-11-13,23,0.0,0.0,999.0,1.0,1.0,1.0,1.0,0.0,0.0,0.33567150169993015
02CO3169_SPROUTSFARMERSMARKET327,2025-11-13,23,0.0,0.0,999.0,1.0,1.0,1.0,1.0,0.0,0.0,0.33567150169993015
02CO3001_SPROUTSFARMERSMARKET324,2025-11-13,23,0.0,0.0,999.0,1.0,1.0,1.0,1.0,0.0,0.0,0.33567150169993015
02CO2873_SPROUTSFARMERSMARKET328,2025-11-13,23,0.0,0.0,999.0,1.0,1.0,1.0,1.0,0.0,0.0,0.33567150169993015
02CO2708_SPROUTSFARMERSMARKET319,2025-11-13,23,0.0,0.0,999.0,1.0,1.0,1.0,1.0,0.0,0.0,0.33567150169993015
02CO2456_SPROUTSFARMERSMARKET312,2025-11-13,23,0.0,0.0,999.0,1.0,1.0,1.0,1.0,0.0,0.0,0.33567150169993015
02CO1010_SPROUTSFARMERSMARKET301,2025-11-13,23,0.0,0.0,999.0,1.0,1.0,1.0,1.0,0.0,0.0,0.33567150169993015
02CO0921_SPROUTSFARMERSMARKET329,2025-11-13,23,0.0,0.0,999.0,1.0,1.0,1.0,1.0,0.0,0.0,0.33567150169993015
02CO0905_SPROUTSFARMERSMARKET0336,2025-11-13,23,0.0,0.0,999.0,1.0,1.0,1.0,1.0,0.0,0.0,0.33567150169993015
02NM0710_SPROUTSFARMERSMARKET0710,2025-11-13,23,0.0,0.0,999.0,1.0,1.0,1.0,1.0,0.0,0.0,0.33567150169993015
02NM1140_SPROUTSFARMERSMARKET706,2025-11-13,23,0.0,0.0,999.0,1.0,1.0,1.0,1.0,0.0,0.0,0.33567150169993015
02NM1900_SPROUTSFARMERSMARKET705,2025-11-13,23,0.0,0.0,999.0,1.0,1.0,1.0,1.0,0.0,0.0,0.33567150169993015
02CO0634_SPROUTSFARMERSMARKET308,2025-11-13,23,0.0,0.0,999.0,1.0,1.0,1.0,1.0,0.0,0.0,0.33567150169993015
02NM2447_SPROUTSFARMERSMARKET703,2025-11-13,23,0.0,0.0,999.0,1.0,1.0,1.0,1.0,0.0,0.0,0.33567150169993015
02NM3680_SPROUTSFARMERSMARKET709,2025-11-13,23,0.0,0.0,999.0,1.0,1.0,1.0,1.0,0.0,0.0,0.33567150169993015
02NM5127_SPROUTSFARMERSMARKET702,2025-11-13,23,0.0,0.0,999.0,1.0,1.0,1.0,1.0,0.0,0.0,0.33567150169993015
02NM7000_SPROUTSFARMERSMARKET704,2025-11-13,23,0.0,0.0,999.0,1.0,1.0,1.0,1.0,0.0,0.0,0.33567150169993015
02CA9300_SPROUTSFARMERSMARKET0415,2025-11-13,23,0.0,0.0,999.0,1.0,1.0,1.0,1.0,0.0,0.0,0.33567150169993015
02CO0320_LOC_23366976452b,2025-11-13,23,0.0,0.0,999.0,1.0,1.0,1.0,1.0,0.0,0.0,0.33567150169993015
02CA7073_SPROUTSFARMERSMARKET432,2025-11-13,23,0.0,0.0,999.0,1.0,1.0,1.0,1.0,0.0,0.0,0.33567150169993015
02CA7172_SPROUTSFARMERSMARKET0453,2025-11-13,23,0.0,0.0,999.0,1.0,1.0,1.0,1.0,0.0,0.0,0.33567150169993015
02CA8251_SPROUTSFARMERSMARKET202,2025-11-13,23,0.0,0.0,999.0,1.0,1.0,1.0,1.0,0.0,0.0,0.33567150169993015
02CA8200_SPROUTSFARMERSMARKET227,2025-11-13,23,0.0,0.0,999.0,1.0,1.0,1.0,1.0,0.0,0.0,0.33567150169993015
02CA7851_SPROUTSFARMERSMARKET229,2025-11-13,23,0.0,0.0,999.0,1.0,1.0,1.0,1.0,0.0,0.0,0.33567150169993015
02CA7722_SPROUTSFARMERSMARKET225,2025-11-13,23,0.0,0.0,999.0,1.0,1.0,1.0,1.0,0.0,0.0,0.33567150169993015
02CA7688_SPROUTSFARMERSMARKET279,2025-11-13,23,0.0,0.0,999.0,1.0,1.0,1.0,1.0,0.0,0.0,0.33567150169993015
02CA7575_SPROUTSFARMERSMARKET265,2025-11-13,23,0.0,0.0,999.0,1.0,1.0,1.0,1.0,0.0,0.0,0.33567150169993015
02CA7549_SPROUTSFARMERSMARKET0447,2025-11-13,23,0.0,0.0,999.0,1.0,1.0,1.0,1.0,0.0,0.0,0.33567150169993015
02CA7510_SPROUTSFARMERSMARKET437,2025-11-13,23,0.0,0.0,999.0,1.0,1.0,1.0,1.0,0.0,0.0,0.33567150169993015
02CA7418_SPROUTSFARMERSMARKET252,2025-11-13,23,0.0,0.0,999.0,1.0,1.0,1.0,1.0,0.0,0.0,0.33567150169993015
02CA7274_SPROUTSFARMERSMARKET250,2025-11-13,23,0.0,0.0,999.0,1.0,1.0,1.0,1.0,0.0,0.0,0.33567150169993015
02CA7248_SPROUTSFARMERSMARKET283,2025-11-13,23,0.0,0.0,999.0,1.0,1.0,1.0,1.0,0.0,0.0,0.33567150169993015
02CA7162A_SPROUTSFARMERSMARKET0421,2025-11-13,23,0.0,0.0,999.0,1.0,1.0,1.0,1.0,0.0,0.0,0.33567150169993015
02CA5360_SPROUTSFARMERSMARKET0429,2025-11-13,23,0.0,0.0,999.0,1.0,1.0,1.0,1.0,0.0,0.0,0.33567150169993015
02CA9221_SPROUTSFARMERSMARKET0468,2025-11-13,23,0.0,0.0,999.0,1.0,1.0,1.0,1.0,0.0,0.0,0.33567150169993015
02CA7028_SPROUTSFARMERSMARKET222,2025-11-13,23,0.0,0.0,999.0,1.0,1.0,1.0,1.0,0.0,0.0,0.33567150169993015
02CA6945_SPROUTSFARMERSMARKET203,2025-11-13,23,0.0,0.0,999.0,1.0,1.0,1.0,1.0,0.0,0.0,0.33567150169993015
02CA6945A_SPROUTSFARMERSMARKET204,2025-11-13,23,0.0,0.0,999.0,1.0,1.0,1.0,1.0,0.0,0.0,0.33567150169993015
02CA6473_SPROUTSFARMERSMARKET255,2025-11-13,23,0.0,0.0,999.0,1.0,1.0,1.0,1.0,0.0,0.0,0.33567150169993015
02CA6003_SPROUTSFARMERSMARKET436,2025-11-13,23,0.0,0.0,999.0,1.0,1.0,1.0,1.0,0.0,0.0,0.33567150169993015
02CA5834_SPROUTSFARMERSMARKET422,2025-11-13,23,0.0,0.0,999.0,1.0,1.0,1.0,1.0,0.0,0.0,0.33567150169993015
02CA5730_SPROUTSFARMERSMARKET245,2025-11-13,23,0.0,0.0,999.0,1.0,1.0,1.0,1.0,0.0,0.0,0.33567150169993015
02CA5661_SPROUTSFARMERSMARKET0408,2025-11-13,23,0.0,0.0,999.0,1.0,1.0,1.0,1.0,0.0,0.0,0.33567150169993015
02CA5648_SPROUTSFARMERSMARKET428,2025-11-13,23,0.0,0.0,999.0,1.0,1.0,1.0,1.0,0.0,0.0,0.33567150169993015
02CA5630_SPROUTSFARMERSMARKET0414,2025-11-13,23,0.0,0.0,999.0,1.0,1.0,1.0,1.0,0.0,0.0,0.33567150169993015
02CA8287_SPROUTSFARMERSMARKET226,2025-11-13,23,0.0,0.0,999.0,1.0,1.0,1.0,1.0,0.0,0.0,0.33567150169993015
02CA8111_SPROUTSFARMERSMARKET0401,2025-11-13,23,0.0,0.0,999.0,1.0,1.0,1.0,1.0,0.0,0.0,0.33567150169993015
02OK7577_SPROUTSFARMERSMARKET808,2025-11-13,23,0.0,0.0,999.0,1.0,1.0,1.0,1.0,0.0,0.0,0.33567150169993015
02OK4055_SPROUTSFARMERSMARKET807,2025-11-13,23,0.0,0.0,999.0,1.0,1.0,1.0,1.0,0.0,0.0,0.33567150169993015
02OK3170_SPROUTSFARMERSMARKET812,2025-11-13,23,0.0,0.0,999.0,1.0,1.0,1.0,1.0,0.0,0.0,0.33567150169993015
02OK3116_SPROUTSFARMERSMARKET801,2025-11-13,23,0.0,0.0,999.0,1.0,1.0,1.0,1.0,0.0,0.0,0.33567150169993015
02OK4074_SPROUTSFARMERSMARKET0810,2025-11-13,23,0.0,0.0,999.0,1.0,1.0,1.0,1.0,0.0,0.0,0.33567150169993015
02OK4135_SPROUTSFARMERSMARKET805,2025-11-13,23,0.0,0.0,999.0,1.0,1.0,1.0,1.0,0.0,0.0,0.33567150169993015
02OK4601_SPROUTSFARMERSMARKET803,2025-11-13,23,0.0,0.0,999.0,1.0,1.0,1.0,1.0,0.0,0.0,0.33567150169993015
02OK3099_SPROUTSFARMERSMARKET809,2025-11-13,23,0.0,0.0,999.0,1.0,1.0,1.0,1.0,0.0,0.0,0.33567150169993015
02CA8714_SPROUTSFARMERSMARKET270,2025-11-13,23,0.0,0.0,999.0,1.0,1.0,1.0,1.0,0.0,0.0,0.33567150169993015
02CA8916_SPROUTSFARMERSMARKET416,2025-11-13,23,0.0,0.0,999.0,1.0,1.0,1.0,1.0,0.0,0.0,0.33567150169993015
02CA5260_SPROUTSFARMERSMARKET433,2025-11-13,23,0.0,0.0,999.0,1.0,1.0,1.0,1.0,0.0,0.0,0.33567150169993015
02CA8957_SPROUTSFARMERSMARKET280,2025-11-13,23,0.0,0.0,999.0,1.0,1.0,1.0,1.0,0.0,0.0,0.33567150169993015
02CA9040_SPROUTSFARMERSMARKET260,2025-11-13,23,0.0,0.0,999.0,1.0,1.0,1.0,1.0,0.0,0.0,0.33567150169993015
02OK5727_SPROUTSFARMERSMARKET802,2025-11-13,23,0.0,0.0,999.0,1.0,1.0,1.0,1.0,0.0,0.0,0.33567150169993015
02CA9065_SPROUTSFARMERSMARKET0451,2025-11-13,23,0.0,0.0,999.0,1.0,1.0,1.0,1.0,0.0,0.0,0.33567150169993015
02OK7272_SPROUTSFARMERSMARKET804,2025-11-13,23,0.0,0.0,999.0,1.0,1.0,1.0,1.0,0.0,0.0,0.33567150169993015
02CA9101_SPROUTSFARMERSMARKET257,2025-11-13,23,0.0,0.0,999.0,1.0,1.0,1.0,1.0,0.0,0.0,0.33567150169993015
02OK4012_SPROUTSFARMERSMARKET0806,2025-11-13,23,0.0,0.0,999.0,1.0,1.0,1.0,1.0,0.0,0.0,0.33567150169993015
02SC9295_NATURESREMEDIES,2025-11-13,58,0.0,0.0,999.0,1.0,0.0,1.0,1.0,0.0,0.0,0.33490591974629197
02FL36703_NATURESFOODPATCH,2025-11-13,148,0.0,0.0,999.0,1.0,0.0,0.0,1.0,0.0,0.0,0.32986665026350215
02MO4377_HEALTHYHABITS,2025-11-13,134,0.0,0.0,999.0,1.0,0.0,0.0,1.0,0.0,0.0,0.3284133058926145
02PA1299_ESSENTIALSFORHEALTH,2025-11-13,101,0.0,0.0,999.0,1.0,0.0,0.0,1.0,0.0,0.0,0.3280698924550219
02IL2220_CHICAGOHEALTH,2025-11-13,97,0.0,0.0,999.0,1.0,0.0,0.0,1.0,0.0,0.0,0.326967988527421
02IL1620_NUTRITIONNETWORK,2025-11-13,56,0.0,0.0,999.0,1.0,0.0,1.0,1.0,0.0,0.0,0.3251673382233675
02VA1764A_NATURESOUTLETVALLEYVIEWBL,2025-11-13,90,0.0,0.0,999.0,1.0,0.0,0.0,1.0,0.0,0.0,0.32286860592904565
02TX2111_HEALTHYU,2025-11-13,51,90.0,90.0,0.5666666666666667,1.0,0.0,1.0,2.0,0.0,0.0,0.32176131052531737
02OR0272_ALIVEWELL,2025-11-13,99,0.0,0.0,999.0,1.0,0.0,0.0,1.0,0.0,0.0,0.3167051992753181
02MS0550_THECHEMIST,2025-11-13,86,0.0,0.0,999.0,1.0,0.0,1.0,1.0,0.0,0.0,0.3078991942610853
02TX0766_VITAMINSPLUS200,2025-11-13,55,33.5,33.5,1.6417910447761195,1.0,0.0,2.0,3.0,0.0,0.0,0.3066741789874481
02UT9474_HEALTHYMEHEALTHFOODS,2025-11-13,13,0.0,0.0,999.0,1.0,1.0,1.0,1.0,0.0,0.0,0.3032789002379912
02GA3003_PROHEALTH,2025-11-13,76,0.0,0.0,999.0,1.0,0.0,1.0,1.0,0.0,0.0,0.30287165985621806
02CA6990A_LASSENS,2025-11-13,30,14.0,14.0,2.142857142857143,1.0,0.0,2.0,2.0,1.0,0.0,0.299436088461864
02NY3333_AMATTEROFHEALTH,2025-11-13,30,35.0,35.0,0.8571428571428571,1.0,0.0,2.0,2.0,0.0,0.0,0.299363472463222
02PR0131_MARYSHEALTHFOOD,2025-11-13,93,0.0,0.0,999.0,1.0,0.0,0.0,1.0,0.0,0.0,0.29893642019115396
02WI3811_HEALTHHUTMUKWONAGO,2025-11-13,63,0.0,0.0,999.0,1.0,0.0,1.0,1.0,0.0,0.0,0.2974593711440461
02IN1555_SUNSPOTMARKET,2025-11-13,6,88.0,88.0,0.06818181818181818,1.0,1.0,1.0,2.0,0.0,0.0,0.2968115884501754
02TX7867_VITAMINSPLUS273,2025-11-13,69,1.0,1.0,69.0,1.0,0.0,2.0,2.0,1.0,0.0,0.29558184017623457
02IL3304_FRUITIFULYIELD-OSWEGO,2025-11-13,64,0.0,0.0,999.0,1.0,0.0,1.0,1.0,0.0,0.0,0.2950904485914759
02IN8562_THEVITAMINSHOP,2025-11-13,77,0.0,0.0,999.0,1.0,0.0,1.0,1.0,0.0,0.0,0.29438913302567804
02ID2139_CHRISTINESHERBSTHINGS,2025-11-13,27,0.0,0.0,999.0,1.0,1.0,1.0,1.0,0.0,0.0,0.2936247604134544
02MD0770_LIVINGHEALTHY2,2025-11-13,42,0.0,0.0,999.0,1.0,0.0,1.0,1.0,0.0,0.0,0.2931095609225085
02WA6413_WENATCHEENATURALFOODS,2025-11-13,77,0.0,0.0,999.0,1.0,0.0,1.0,1.0,0.0,0.0,0.2926332295972221
02GA8844_GOODNUTRITIONNORCROSS,2025-11-13,78,0.0,0.0,999.0,1.0,0.0,1.0,1.0,0.0,0.0,0.2926332295972221
02GA0078_GOODNUTRITION-SNELLVILLE,2025-11-13,79,0.0,0.0,999.0,1.0,0.0,1.0,1.0,0.0,0.0,0.28925388399395013
02IL4500_NATURESCORNUCOPIA,2025-11-13,85,0.0,0.0,999.0,1.0,0.0,1.0,1.0,0.0,0.0,0.28617119155400333
02CA8919_NEWEARTHMARKET,2025-11-13,69,16.0,16.0,4.3125,1.0,0.0,2.0,2.0,1.0,0.0,0.28238564154074436
02CA8591_SUNRISENATURALFOODS,2025-11-13,24,0.0,0.0,999.0,1.0,1.0,1.0,1.0,0.0,0.0,0.28140564301753906
02AL0006_BECKYSHEALTHFOODS,2025-11-13,91,0.0,0.0,999.0,1.0,0.0,0.0,1.0,0.0,0.0,0.28109598914107764
02MT9259_SUNDROPHEALTHFOODS,2025-11-13,28,0.0,0.0,999.0,1.0,1.0,1.0,1.0,0.0,0.0,0.2770618210857657
02IL8870_ATTNANDRESALCANTARA,2025-11-13,0,142.0,142.0,0.0,1.0,1.0,1.0,2.0,0.0,0.0,0.27541183658678203
02AL3952_VIRGINIASHEALTHFOOD,2025-11-13,13,32.0,32.0,0.40625,1.0,1.0,2.0,2.0,0.0,0.0,0.27284776121527377
02MS6856_SUNSHINEHEALTHFOODS,2025-11-13,27,91.0,91.0,0.2967032967032967,1.0,1.0,1.0,2.0,0.0,0.0,0.27200865669416435
02TX1180_RICHARDSONSHEALTHFOOD,2025-11-13,98,0.0,0.0,999.0,1.0,0.0,0.0,1.0,0.0,0.0,0.2712282429596995
02CA5519_EUREKANATURALFOODS-MKV,2025-11-13,63,0.0,0.0,999.0,1.0,0.0,1.0,1.0,0.0,0.0,0.26771994988746756
02GA1969_NATURESOWNHERBSHOP,2025-11-13,62,0.0,0.0,999.0,1.0,0.0,1.0,1.0,0.0,0.0,0.2673807484586003
02PR1588_NATUCENTRO,2025-11-13,91,0.0,0.0,999.0,1.0,0.0,0.0,1.0,0.0,0.0,0.26682114083051284
02OR8659_HEALTHWAYNUTRITIONCENTERMED,2025-11-13,98,0.0,0.0,999.0,1.0,0.0,0.0,1.0,0.0,0.0,0.2651866932620697
02AR6800_VILLAGENUTRITIONINC,2025-11-13,45,11.0,11.0,4.090909090909091,1.0,0.0,2.0,2.0,1.0,0.0,0.26504165495188303
02IN9525_GEORGETOWNMARKET,2025-11-13,6,95.0,172.0,0.06315789473684211,1.8105263157894738,1.0,1.0,2.0,0.0,0.0,0.26372091947207443
02OH5151_DOWNTOEARTHNATURALFOOD,2025-11-13,8,112.0,112.0,0.07142857142857142,1.0,1.0,1.0,2.0,0.0,0.0,0.26350580712958227
02WA1349_HUCKLEBERRYSFRESHMARKET,2025-11-13,98,0.0,0.0,999.0,1.0,0.0,0.0,1.0,0.0,0.0,0.2627436508929035
02NY2463A_THEMUSTARDSEED,2025-11-13,16,111.0,111.0,0.14414414414414414,1.0,1.0,1.0,2.0,0.0,0.0,0.25790386241708696
02NC0300_HEALTHABITNATURALFOODS,2025-11-13,56,0.0,0.0,999.0,1.0,0.0,1.0,1.0,0.0,0.0,0.25714617090379166
02AL4260_VALLEYHEALTHFOODS,2025-11-13,6,161.0,161.0,0.037267080745341616,1.0,1.0,1.0,2.0,0.0,0.0,0.25661530493371904
02AR6415_ANNSHEALTHFOODS,2025-11-13,7,119.0,119.0,0.058823529411764705,1.0,1.0,1.0,2.0,0.0,0.0,0.2500894806475517
02WA4080_MARLENESMARKETDELI,2025-11-13,90,0.0,0.0,999.0,1.0,0.0,0.0,1.0,0.0,0.0,0.2478185016677138
02OH5245_JUNGLEJIMS-CINCINNATI,2025-11-13,94,0.0,0.0,999.0,1.0,0.0,0.0,1.0,0.0,0.0,0.24688523214126945
02TN1148_COLUMBIAHEALTHFOODS,2025-11-13,86,0.0,0.0,999.0,1.0,0.0,1.0,1.0,0.0,0.0,0.23980836239851416
02OR7328A_DANIELSNUTRITION,2025-11-13,8,119.0,119.0,0.06722689075630252,1.0,1.0,1.0,2.0,0.0,0.0,0.23678725741787615
02OH08000_HEALTHYALTERNATIVES,2025-11-13,10,114.5,126.0,0.08733624454148471,1.1004366812227073,1.0,1.0,2.0,0.0,0.0,0.23285005749848087
02NM3901_BACKTOBASICSBOSQUEFARMS,2025-11-13,42,0.0,0.0,999.0,1.0,0.0,1.0,1.0,0.0,0.0,0.23029093637312872
09TX33332_ELKELEWIS,2025-11-13,71,0.0,0.0,999.0,1.0,0.0,1.0,1.0,0.0,0.0,0.2254985685488495
02OK1030_ECONOMYPHARMACY-NYORK,2025-11-13,83,0.0,0.0,999.0,1.0,0.0,1.0,1.0,0.0,0.0,0.22382574100403865
02CA1909_HERBSPRO,2025-11-13,80,0.0,0.0,999.0,1.0,0.0,1.0,1.0,0.0,0.0,0.20192518734028433
02CA8255_NATURESHEALTHFOODCAFE,2025-11-13,56,0.0,0.0,999.0,1.0,0.0,1.0,1.0,0.0,0.0,0.19426498233297615
02WA9450_THEMARKETS-ANACORTES,2025-11-13,55,0.0,0.0,999.0,1.0,0.0,1.0,1.0,0.0,0.0,0.18797454868404578
